Facility ID,Facility Name,State,Hospital Type,Hospital Ownership,Hospital overall rating,Hospital overall rating footnote,Score,Footnote
010001,SOUTHEAST HEALTH MEDICAL CENTER,AL,Acute Care Hospitals,Government - Hospital District or Authority,4,,0.99,
010005,MARSHALL MEDICAL CENTERS,AL,Acute Care Hospitals,Government - Hospital District or Authority,3,,1.0,
010006,NORTH ALABAMA MEDICAL CENTER,AL,Acute Care Hospitals,Proprietary,2,,1.01,
010007,MIZELL MEMORIAL HOSPITAL,AL,Acute Care Hospitals,Voluntary non-profit - Private,1,,1.04,
010011,ST. VINCENT'S EAST,AL,Acute Care Hospitals,Voluntary non-profit - Private,3,29,0.96,29
010012,DEKALB REGIONAL MEDICAL CENTER,AL,Acute Care Hospitals,Proprietary,2,,0.99,
010016,SHELBY BAPTIST MEDICAL CENTER,AL,Acute Care Hospitals,Voluntary non-profit - Private,2,,1.02,
010019,HELEN KELLER HOSPITAL,AL,Acute Care Hospitals,Government - Hospital District or Authority,2,,1.1,
010023,BAPTIST MEDICAL CENTER SOUTH,AL,Acute Care Hospitals,Government - Hospital District or Authority,2,,1.01,
010024,JACKSON HOSPITAL & CLINIC INC,AL,Acute Care Hospitals,Voluntary non-profit - Private,2,,1.02,
010029,THE EAST ALABAMA HEALTHCARE AUTHORITY,AL,Acute Care Hospitals,Government - Hospital District or Authority,3,,0.96,
010033,UNIVERSITY OF ALABAMA HOSPITAL,AL,Acute Care Hospitals,Government - State,2,,0.97,
010035,CULLMAN REGIONAL MEDICAL CENTER,AL,Acute Care Hospitals,Government - Hospital District or Authority,2,,0.99,
010036,ANDALUSIA HEALTH,AL,Acute Care Hospitals,Proprietary,2,,0.95,
010039,HUNTSVILLE HOSPITAL,AL,Acute Care Hospitals,Government - Hospital District or Authority,3,,1.03,
010040,GADSDEN REGIONAL MEDICAL CENTER,AL,Acute Care Hospitals,Proprietary,2,,1.07,
010044,MARION REGIONAL MEDICAL CENTER,AL,Acute Care Hospitals,Voluntary non-profit - Private,3,,1.07,
010045,FAYETTE MEDICAL CENTER,AL,Acute Care Hospitals,Voluntary non-profit - Other,4,,0.93,
010046,RIVERVIEW REGIONAL MEDICAL CENTER,AL,Acute Care Hospitals,Proprietary,3,,0.97,
010049,MEDICAL CENTER ENTERPRISE,AL,Acute Care Hospitals,Proprietary,4,,0.91,
010055,FLOWERS HOSPITAL,AL,Acute Care Hospitals,Proprietary,2,,1.01,
010056,ST VINCENT'S BIRMINGHAM,AL,Acute Care Hospitals,Voluntary non-profit - Private,3,29,0.95,29
010061,HIGHLANDS MEDICAL CENTER,AL,Acute Care Hospitals,Government - Hospital District or Authority,3,,0.94,
010065,RUSSELL MEDICAL CENTER,AL,Acute Care Hospitals,Voluntary non-profit - Private,3,,0.95,
010078,NORTHEAST ALABAMA REGIONAL MEDICAL CENTER,AL,Acute Care Hospitals,Government - Local,1,,1.03,
010079,ATHENS LIMESTONE HOSPITAL,AL,Acute Care Hospitals,Government - Hospital District or Authority,2,,1.06,
010083,BALDWIN HEALTH,AL,Acute Care Hospitals,Proprietary,4,,0.98,
010085,DECATUR MORGAN HOSPITAL - DECATUR CAMPUS,AL,Acute Care Hospitals,Government - Hospital District or Authority,3,,1.01,
010086,NORTH MISSISSIPPI HEALTH SERVICES - SOUTH MARION,AL,Acute Care Hospitals,Proprietary,4,,1.0,
010087,USA HEALTH UNIVERSITY HOSPITAL,AL,Acute Care Hospitals,Government - State,2,,0.98,
010089,WALKER BAPTIST MEDICAL CENTER,AL,Acute Care Hospitals,Proprietary,3,,0.95,
010090,"USA HEALTH HCA PROVIDENCE HOSPITAL, LLC",AL,Acute Care Hospitals,Voluntary non-profit - Church,3,,0.95,
010092,DCH REGIONAL MEDICAL CENTER,AL,Acute Care Hospitals,Government - Hospital District or Authority,2,,0.96,
010099,D W MCMILLAN MEMORIAL HOSPITAL,AL,Acute Care Hospitals,Government - Hospital District or Authority,1,,0.93,
010100,THOMAS HOSPITAL,AL,Acute Care Hospitals,Voluntary non-profit - Private,2,,0.93,
010101,CITIZENS BAPTIST MEDICAL CENTER,AL,Acute Care Hospitals,Voluntary non-profit - Private,1,,1.02,
010103,PRINCETON BAPTIST MEDICAL CENTER,AL,Acute Care Hospitals,Voluntary non-profit - Church,3,,1.02,
010104,GRANDVIEW MEDICAL CENTER,AL,Acute Care Hospitals,Proprietary,3,,1.01,
010108,PRATTVILLE BAPTIST HOSPITAL,AL,Acute Care Hospitals,Government - Hospital District or Authority,3,,0.93,
010112,WHITFIELD REGIONAL HOSPITAL,AL,Acute Care Hospitals,Government - Hospital District or Authority,2,,0.85,
010113,MOBILE INFIRMARY MEDICAL CENTER,AL,Acute Care Hospitals,Voluntary non-profit - Private,2,,1.0,
010114,"MEDICAL WEST, AN AFFILIATE OF UAB HEALTH SYSTEM",AL,Acute Care Hospitals,Government - Hospital District or Authority,3,,1.01,
010118,VAUGHAN REGIONAL MEDICAL CENTER PARKWAY CAMPUS,AL,Acute Care Hospitals,Proprietary,2,,0.96,
010125,LAKELAND COMMUNITY HOSPITAL,AL,Acute Care Hospitals,Proprietary,3,,1.04,
010126,TROY REGIONAL MEDICAL CENTER,AL,Acute Care Hospitals,Government - Federal,4,,1.01,
010129,NORTH BALDWIN INFIRMARY,AL,Acute Care Hospitals,Voluntary non-profit - Private,3,,0.91,
010130,ST VINCENT'S ST CLAIR,AL,Acute Care Hospitals,Voluntary non-profit - Private,3,29,0.92,29
010131,CRESTWOOD MEDICAL CENTER,AL,Acute Care Hospitals,Proprietary,3,,0.99,
010139,BAPTIST HEALTH BROOKWOOD HOSPITAL,AL,Acute Care Hospitals,Proprietary,3,,1.09,
010144,SPRINGHILL MEDICAL CENTER,AL,Acute Care Hospitals,Proprietary,3,,1.0,
010148,EVERGREEN MEDICAL CENTER,AL,Acute Care Hospitals,Proprietary,3,,0.93,
010149,BAPTIST MEDICAL CENTER EAST,AL,Acute Care Hospitals,Government - Hospital District or Authority,4,,0.96,
010158,RUSSELLVILLE HOSPITAL,AL,Acute Care Hospitals,Proprietary,4,,1.31,
010164,COOSA VALLEY MEDICAL CENTER,AL,Acute Care Hospitals,Government - Hospital District or Authority,3,,0.93,
010168,JACK HUGHSTON MEMORIAL HOSPITAL,AL,Acute Care Hospitals,Government - State,4,,0.98,
010169,ATMORE COMMUNITY HOSPITAL,AL,Acute Care Hospitals,Government - Hospital District or Authority,3,,1.01,
020001,PROVIDENCE ALASKA MEDICAL CENTER,AK,Acute Care Hospitals,Voluntary non-profit - Church,3,,0.95,
020006,MAT-SU REGIONAL MEDICAL CENTER,AK,Acute Care Hospitals,Voluntary non-profit - Other,3,,0.82,
020008,BARTLETT REGIONAL HOSPITAL,AK,Acute Care Hospitals,Government - Local,4,,0.81,
020012,FAIRBANKS MEMORIAL HOSPITAL,AK,Acute Care Hospitals,Voluntary non-profit - Private,2,,0.79,
020017,ALASKA REGIONAL HOSPITAL,AK,Acute Care Hospitals,Proprietary,1,,0.88,
020018,YUKON KUSKOKWIM DELTA REG HOSPITAL,AK,Acute Care Hospitals,Tribal,5,,0.66,
020024,CENTRAL PENINSULA GENERAL HOSPITAL,AK,Acute Care Hospitals,Voluntary non-profit - Other,2,,0.83,
020026,ALASKA NATIVE MEDICAL CENTER,AK,Acute Care Hospitals,Government - Federal,2,,0.88,
030002,BANNER - UNIVERSITY MEDICAL CENTER PHOENIX,AZ,Acute Care Hospitals,Voluntary non-profit - Other,3,,1.0,
030006,TUCSON MEDICAL CENTER,AZ,Acute Care Hospitals,Voluntary non-profit - Private,2,,1.04,
030007,VERDE VALLEY MEDICAL CENTER,AZ,Acute Care Hospitals,Voluntary non-profit - Private,4,,0.99,
030010,ST. MARY'S HOSPITAL,AZ,Acute Care Hospitals,Voluntary non-profit - Private,2,,0.98,
030011,ST JOSEPH'S HOSPITAL,AZ,Acute Care Hospitals,Voluntary non-profit - Other,3,,1.07,
030012,YAVAPAI REGIONAL MEDICAL CENTER,AZ,Acute Care Hospitals,Voluntary non-profit - Private,2,,0.99,
030013,YUMA REGIONAL MEDICAL CENTER,AZ,Acute Care Hospitals,Voluntary non-profit - Private,2,,1.04,
030014,HONOR HEALTH JOHN C. LINCOLN MEDICAL CENTER,AZ,Acute Care Hospitals,Voluntary non-profit - Private,3,,0.98,
030016,BANNER CASA GRANDE MEDICAL CENTER,AZ,Acute Care Hospitals,Voluntary non-profit - Other,2,,0.93,
030022,VALLEYWISE HEALTH MEDICAL CENTER,AZ,Acute Care Hospitals,Government - Local,1,,1.12,
030023,FLAGSTAFF MEDICAL CENTER,AZ,Acute Care Hospitals,Voluntary non-profit - Private,4,,1.05,
030024,ST JOSEPHS HOSPITAL AND MEDICAL CENTER,AZ,Acute Care Hospitals,Voluntary non-profit - Church,4,,1.03,
030030,ABRAZO CENTRAL CAMPUS,AZ,Acute Care Hospitals,Physician,2,,1.08,
030036,CHANDLER REGIONAL MEDICAL CENTER,AZ,Acute Care Hospitals,Voluntary non-profit - Private,4,,1.04,
030038,HONORHEALTH SCOTTSDALE OSBORN MEDICAL CENTER,AZ,Acute Care Hospitals,Proprietary,3,,1.02,
030043,CANYON VISTA MEDICAL CENTER,AZ,Acute Care Hospitals,Voluntary non-profit - Other,2,,1.03,
030055,KINGMAN REGIONAL MEDICAL CENTER,AZ,Acute Care Hospitals,Government - Hospital District or Authority,3,,0.88,
030061,BANNER BOSWELL MEDICAL CENTER,AZ,Acute Care Hospitals,Voluntary non-profit - Other,3,,0.99,
030062,SUMMIT HEALTHCARE REGIONAL MEDICAL CENTER,AZ,Acute Care Hospitals,Voluntary non-profit - Private,4,,0.92,
030064,BANNER - UNIVERSITY MEDICAL CENTER TUCSON CAMPUS,AZ,Acute Care Hospitals,Voluntary non-profit - Private,3,,1.0,
030065,BANNER DESERT MEDICAL CENTER,AZ,Acute Care Hospitals,Voluntary non-profit - Private,2,,1.04,
030069,HAVASU REGIONAL MEDICAL CENTER,AZ,Acute Care Hospitals,Proprietary,3,,0.95,
030083,ABRAZO SCOTTSDALE CAMPUS,AZ,Acute Care Hospitals,Proprietary,3,,0.97,
030085,NORTHWEST MEDICAL CENTER,AZ,Acute Care Hospitals,Proprietary,2,,1.01,
030087,HONORHEALTH SCOTTSDALE SHEA MEDICAL CENTER,AZ,Acute Care Hospitals,Proprietary,3,,0.99,
030088,BANNER BAYWOOD MEDICAL CENTER,AZ,Acute Care Hospitals,Voluntary non-profit - Private,2,,1.01,
030089,BANNER THUNDERBIRD MEDICAL CENTER,AZ,Acute Care Hospitals,Government - Hospital District or Authority,4,,1.05,
030092,HONORHEALTH DEER VALLEY MEDICAL CENTER,AZ,Acute Care Hospitals,Voluntary non-profit - Private,3,,1.02,
030093,BANNER DEL E. WEBB MEDICAL CENTER,AZ,Acute Care Hospitals,Voluntary non-profit - Private,3,,0.96,
030094,ABRAZO ARROWHEAD HOSPITAL,AZ,Acute Care Hospitals,Proprietary,2,,1.02,
030101,WESTERN ARIZONA REGIONAL MEDICAL CENTER,AZ,Acute Care Hospitals,Proprietary,2,,0.9,
030103,MAYO CLINIC HOSPITAL,AZ,Acute Care Hospitals,Voluntary non-profit - Private,5,,0.94,
030105,BANNER HEART HOSPITAL,AZ,Acute Care Hospitals,Voluntary non-profit - Private,2,,1.0,
030110,ABRAZO WEST CAMPUS,AZ,Acute Care Hospitals,Proprietary,2,,1.02,
030111,BANNER-UNIVERSITY MEDICAL CENTER SOUTH CAMPUS,AZ,Acute Care Hospitals,Voluntary non-profit - Private,4,,0.94,
030114,ORO VALLEY HOSPITAL,AZ,Acute Care Hospitals,Proprietary,3,,0.95,
030115,BANNER ESTRELLA MEDICAL CENTER,AZ,Acute Care Hospitals,Voluntary non-profit - Private,3,,0.97,
030117,VALLEY VIEW MEDICAL CENTER,AZ,Acute Care Hospitals,Proprietary,2,,0.86,
030119,MERCY GILBERT MEDICAL CENTER,AZ,Acute Care Hospitals,Voluntary non-profit - Church,5,,1.03,
030121,HONORHEALTH FOUR PEAKS MEDICAL CENTER,AZ,Acute Care Hospitals,Proprietary,2,,0.96,
030122,BANNER GATEWAY MEDICAL CENTER,AZ,Acute Care Hospitals,Voluntary non-profit - Other,3,,0.99,
030123,HONORHEALTH SCOTTSDALE THOMPSON PEAK MED CTR,AZ,Acute Care Hospitals,Voluntary non-profit - Private,5,,0.94,
030130,BANNER IRONWOOD MEDICAL CENTER,AZ,Acute Care Hospitals,Voluntary non-profit - Private,3,,0.91,
030134,BANNER GOLDFIELD MEDICAL CENTER,AZ,Acute Care Hospitals,Voluntary non-profit - Other,5,,0.78,
030138,CITY OF HOPE CANCER CENTER PHOENIX,AZ,Acute Care Hospitals,Proprietary,4,,1.09,
030139,DIGNITY HEALTH ARIZONA GENERAL HOSPITAL,AZ,Acute Care Hospitals,Voluntary non-profit - Private,5,,0.94,
030146,HONORHEALTH SONORAN CROSSING MEDICAL CENTER,AZ,Acute Care Hospitals,Voluntary non-profit - Private,4,,0.96,
030147,BANNER OCOTILLO MEDICAL CENTER,AZ,Acute Care Hospitals,Voluntary non-profit - Private,3,,1.0,
030148,NORTHWEST MEDICAL CENTER SAHUARITA,AZ,Acute Care Hospitals,Voluntary non-profit - Private,3,,0.91,
040001,SILOAM SPRINGS REGIONAL HOSPITAL,AR,Acute Care Hospitals,Proprietary,3,,0.93,
040002,JOHNSON REGIONAL MEDICAL CENTER,AR,Acute Care Hospitals,Voluntary non-profit - Private,4,,1.12,
040004,WASHINGTON REGIONAL MEDICAL CENTER,AR,Acute Care Hospitals,Voluntary non-profit - Private,4,,1.04,
040007,CHI-ST VINCENT INFIRMARY,AR,Acute Care Hospitals,Voluntary non-profit - Private,3,,1.06,
040010,MERCY HOSPITAL NORTHWEST ARKANSAS,AR,Acute Care Hospitals,Voluntary non-profit - Private,5,,1.02,
040011,CHAMBERS MEMORIAL HOSPITAL,AR,Acute Care Hospitals,Voluntary non-profit - Private,4,,0.85,
040014,WHITE COUNTY MEDICAL CENTER,AR,Acute Care Hospitals,Voluntary non-profit - Private,2,,1.04,
040016,University of Arkansas Medical Sciences,AR,Acute Care Hospitals,Government - State,2,,0.98,
040017,NORTH ARKANSAS REGIONAL MEDICAL CENTER,AR,Acute Care Hospitals,Voluntary non-profit - Private,2,,1.03,
040020,ST BERNARDS MEDICAL CENTER,AR,Acute Care Hospitals,Voluntary non-profit - Private,1,,1.06,
040022,NORTHWEST MEDICAL CENTER-SPRINGDALE,AR,Acute Care Hospitals,Proprietary,3,,1.01,
040026,CHI ST. VINCENT HOSPITAL HOT SPRINGS,AR,Acute Care Hospitals,Voluntary non-profit - Private,3,,1.11,
040027,BAXTER HEALTH,AR,Acute Care Hospitals,Voluntary non-profit - Private,2,,0.99,
040029,"CONWAY REGIONAL MEDICAL CENTER, INC",AR,Acute Care Hospitals,Voluntary non-profit - Private,2,,1.03,
040036,BAPTIST HEALTH MEDICAL CENTER NORTH LITTLE ROCK,AR,Acute Care Hospitals,Voluntary non-profit - Private,1,,1.05,
040039,ARKANSAS METHODIST MEDICAL CENTER,AR,Acute Care Hospitals,Voluntary non-profit - Private,2,,1.12,
040041,ST MARYS REGIONAL MEDICAL CENTER,AR,Acute Care Hospitals,Proprietary,4,,1.04,
040050,OUACHITA COUNTY MEDICAL CENTER,AR,Acute Care Hospitals,Voluntary non-profit - Private,2,,1.04,
040051,BAPTIST HEALTH MEDICAL CENTER-DREW COUNTY,AR,Acute Care Hospitals,Voluntary non-profit - Private,2,,1.0,
040055,BAPTIST HEALTH - FORT SMITH,AR,Acute Care Hospitals,Voluntary non-profit - Private,2,,1.01,
040062,MERCY HOSPITAL FORT SMITH,AR,Acute Care Hospitals,Voluntary non-profit - Private,3,,1.07,
040069,GREAT RIVER MEDICAL CENTER,AR,Acute Care Hospitals,Government - Local,2,,1.16,
040071,JEFFERSON REGIONAL MEDICAL CENTER,AR,Acute Care Hospitals,Voluntary non-profit - Private,1,,1.1,
040072,BAPTIST HEALTH MEDICAL CENTER-STUTTGART,AR,Acute Care Hospitals,Voluntary non-profit - Private,3,,0.98,
040078,NATIONAL PARK MEDICAL CENTER,AR,Acute Care Hospitals,Proprietary,2,,1.18,
040084,SALINE MEMORIAL HOSPITAL,AR,Acute Care Hospitals,Proprietary,3,,1.01,
040088,SOUTH ARKANSAS REGIONAL HOSPITAL LLC,AR,Acute Care Hospitals,Proprietary,3,,1.1,
040114,BAPTIST HEALTH MEDICAL CENTER-LITTLE ROCK,AR,Acute Care Hospitals,Voluntary non-profit - Private,3,,1.09,
040118,"BAPTIST MEMORIAL HOSPITAL JONESBORO, INC.",AR,Acute Care Hospitals,Voluntary non-profit - Private,3,23,1.01,
040119,WHITE RIVER MEDICAL CENTER,AR,Acute Care Hospitals,Voluntary non-profit - Private,3,,0.99,
040134,"ARKANSAS HEART HOSPITAL, LLC",AR,Acute Care Hospitals,Proprietary,3,,0.94,
040137,ST VINCENT MEDICAL CENTER/NORTH,AR,Acute Care Hospitals,Voluntary non-profit - Church,4,,1.11,
040154,BAPTIST HEALTH MEDICAL CENTER- CONWAY,AR,Acute Care Hospitals,Voluntary non-profit - Private,2,,1.08,
040161,ARKANSAS HEART HOSPITAL-ENCORE,AR,Acute Care Hospitals,Proprietary,2,,0.99,
050002,ST ROSE HOSPITAL,CA,Acute Care Hospitals,Voluntary non-profit - Church,1,,1.12,
050006,PROVIDENCE ST JOSEPH HOSPITAL,CA,Acute Care Hospitals,Voluntary non-profit - Private,4,,0.96,
050007,PENINSULA MEDICAL CENTER,CA,Acute Care Hospitals,Voluntary non-profit - Private,5,,0.97,
050008,CALIFORNIA PACIFIC MEDICAL CTR-DAVIES CAMPUS HOSP,CA,Acute Care Hospitals,Voluntary non-profit - Other,3,,0.99,
050009,PROVIDENCE QUEEN OF THE VALLEY MEDICAL CENTER,CA,Acute Care Hospitals,Voluntary non-profit - Private,4,,0.98,
050013,ADVENTIST HEALTH ST HELENA,CA,Acute Care Hospitals,Voluntary non-profit - Private,4,,1.04,
050014,SUTTER AMADOR HOSPITAL,CA,Acute Care Hospitals,Voluntary non-profit - Private,4,,0.96,
050017,MERCY GENERAL HOSPITAL,CA,Acute Care Hospitals,Voluntary non-profit - Private,3,,1.0,
050022,RIVERSIDE COMMUNITY HOSPITAL,CA,Acute Care Hospitals,Proprietary,2,,1.12,
050024,PARADISE VALLEY HOSPITAL,CA,Acute Care Hospitals,Proprietary,3,,1.07,
050025,UC SAN DIEGO HEALTH HILLCREST - HILLCREST MED CTR,CA,Acute Care Hospitals,Voluntary non-profit - Other,5,,0.99,
050026,GROSSMONT HOSPITAL,CA,Acute Care Hospitals,Government - Hospital District or Authority,4,,1.08,
050028,MAD RIVER COMMUNITY HOSPITAL,CA,Acute Care Hospitals,Proprietary,1,,0.91,
050030,OROVILLE HOSPITAL,CA,Acute Care Hospitals,Voluntary non-profit - Private,1,,0.88,
050036,BAKERSFIELD MEMORIAL HOSPITAL,CA,Acute Care Hospitals,Voluntary non-profit - Private,3,,1.05,
050038,SANTA CLARA VALLEY MEDICAL CENTER,CA,Acute Care Hospitals,Government - Local,2,,1.05,
050039,ENLOE HEALTH,CA,Acute Care Hospitals,Voluntary non-profit - Private,3,,0.99,
050040,LAC/OLIVE VIEW-UCLA MEDICAL CENTER,CA,Acute Care Hospitals,Voluntary non-profit - Other,2,,0.83,
050042,ST ELIZABETH COMMUNITY HOSPITAL,CA,Acute Care Hospitals,Voluntary non-profit - Church,4,,0.95,
050043,ALTA BATES SUMMIT MEDICAL CENTER,CA,Acute Care Hospitals,Voluntary non-profit - Private,5,,1.01,
050045,EL CENTRO REGIONAL MEDICAL CENTER,CA,Acute Care Hospitals,Government - Local,1,,0.97,
050047,CALIFORNIA PACIFIC MEDICAL CENTER- VAN NESS CAMPUS,CA,Acute Care Hospitals,Voluntary non-profit - Private,3,,0.95,
050054,SAN GORGONIO MEMORIAL HOSPITAL,CA,Acute Care Hospitals,Government - Hospital District or Authority,3,,1.07,
050055,CALIFORNIA PACIFIC MEDICAL CENTER - MISSION BERNAL,CA,Acute Care Hospitals,Voluntary non-profit - Church,4,,0.93,
050056,ANTELOPE VALLEY HOSPITAL,CA,Acute Care Hospitals,Government - Hospital District or Authority,1,,1.07,
050057,KAWEAH HEALTH MEDICAL CENTER,CA,Acute Care Hospitals,Government - Hospital District or Authority,3,,1.02,
050058,GLENDALE MEM HOSPITAL & HLTH CENTER,CA,Acute Care Hospitals,Voluntary non-profit - Private,4,,1.11,
050060,COMMUNITY REGIONAL MEDICAL CENTER,CA,Acute Care Hospitals,Voluntary non-profit - Private,1,,1.01,
050063,HOLLYWOOD PRESBYTERIAN MEDICAL CENTER,CA,Acute Care Hospitals,Proprietary,3,,1.18,
050067,OAK VALLEY HOSPITAL DISTRICT,CA,Acute Care Hospitals,Government - Hospital District or Authority,1,,0.83,
050069,PROVIDENCE ST. JOSEPH HOSPITAL,CA,Acute Care Hospitals,Voluntary non-profit - Church,4,,1.0,
050070,KAISER FOUNDATION HOSPITAL - SOUTH SAN FRANCISCO,CA,Acute Care Hospitals,Voluntary non-profit - Private,4,,0.85,
050071,KAISER FOUNDATION HOSPITAL-SANTA CLARA,CA,Acute Care Hospitals,Voluntary non-profit - Private,2,,1.01,
050072,KAISER FOUNDATION HOSPITAL - WALNUT CREEK,CA,Acute Care Hospitals,Voluntary non-profit - Private,3,,0.88,
050073,KAISER FOUNDATION HOSPITAL AND REHAB CENTER,CA,Acute Care Hospitals,Voluntary non-profit - Private,2,,0.87,
050075,KAISER FOUNDATION HOSPITAL - OAKLAND/RICHMOND,CA,Acute Care Hospitals,Voluntary non-profit - Private,2,,0.94,
050076,KAISER FOUNDATION HOSPITAL - SAN FRANCISCO,CA,Acute Care Hospitals,Voluntary non-profit - Private,4,,0.86,
050077,SCRIPPS MERCY HOSPITAL,CA,Acute Care Hospitals,Voluntary non-profit - Private,4,,1.04,
050078,PROVIDENCE LITTLE CO OF MARY MED CTR SAN PEDRO,CA,Acute Care Hospitals,Voluntary non-profit - Private,4,,0.98,
050082,ST JOHNS REGIONAL MEDICAL CENTER,CA,Acute Care Hospitals,Voluntary non-profit - Private,4,,1.02,
050084,ST JOSEPH'S MEDICAL CENTER OF STOCKTON,CA,Acute Care Hospitals,Voluntary non-profit - Private,3,,0.99,
050089,COMMUNITY HOSPITAL OF SAN BERNARDINO,CA,Acute Care Hospitals,Voluntary non-profit - Private,3,,1.16,
050090,SONOMA VALLEY HOSPITAL,CA,Acute Care Hospitals,Government - Hospital District or Authority,2,,1.01,
050091,COMMUNITY HOSPITAL OF HUNTINGTON PARK,CA,Acute Care Hospitals,Proprietary,1,,1.08,
050093,SAINT AGNES MEDICAL CENTER,CA,Acute Care Hospitals,Voluntary non-profit - Church,2,,0.99,
050099,SAN ANTONIO REGIONAL HOSPITAL,CA,Acute Care Hospitals,Voluntary non-profit - Other,3,,1.06,
050100,SHARP MEMORIAL HOSPITAL,CA,Acute Care Hospitals,Voluntary non-profit - Private,4,,1.0,
050101,SUTTER SOLANO MEDICAL CENTER,CA,Acute Care Hospitals,Voluntary non-profit - Private,3,,1.03,
050102,PARKVIEW COMMUNITY HOSPITAL MEDICAL CENTER,CA,Acute Care Hospitals,Proprietary,3,,1.43,
050103,ADVENTIST HEALTH WHITE MEMORIAL,CA,Acute Care Hospitals,Voluntary non-profit - Church,3,,1.1,
050104,SAINT FRANCIS MEDICAL CENTER,CA,Acute Care Hospitals,Voluntary non-profit - Church,3,,1.11,
050107,MARIAN REGIONAL MEDICAL CENTER,CA,Acute Care Hospitals,Voluntary non-profit - Church,3,,0.94,
050108,"SUTTER MEDICAL CENTER, SACRAMENTO",CA,Acute Care Hospitals,Voluntary non-profit - Private,4,,1.0,
050110,LOMPOC VALLEY MEDICAL CENTER,CA,Acute Care Hospitals,Government - Hospital District or Authority,1,,1.0,
050112,SANTA MONICA - UCLA MED CTR & ORTHOPAEDIC HOSPITAL,CA,Acute Care Hospitals,Voluntary non-profit - Private,5,,1.01,
050115,PALOMAR HEALTH DOWNTOWN CAMPUS,CA,Acute Care Hospitals,Government - Hospital District or Authority,3,,1.12,
050116,NORTHRIDGE HOSPITAL MEDICAL CENTER,CA,Acute Care Hospitals,Voluntary non-profit - Private,4,,1.09,
050118,DOCTORS HOSPITAL OF MANTECA,CA,Acute Care Hospitals,Voluntary non-profit - Other,2,,1.06,
050121,ADVENTIST HEALTH HANFORD,CA,Acute Care Hospitals,Voluntary non-profit - Church,3,,0.99,
050122,DAMERON HOSPITAL,CA,Acute Care Hospitals,Voluntary non-profit - Other,2,,1.05,
050124,USC VERDUGO HILLS HOSPITAL,CA,Acute Care Hospitals,Voluntary non-profit - Private,4,,0.99,
050126,VALLEY PRESBYTERIAN HOSPITAL,CA,Acute Care Hospitals,Voluntary non-profit - Other,1,,1.16,
050127,WOODLAND MEMORIAL HOSPITAL,CA,Acute Care Hospitals,Voluntary non-profit - Other,5,,0.89,
050128,TRI-CITY MEDICAL CENTER,CA,Acute Care Hospitals,Government - Hospital District or Authority,1,,1.04,
050129,ST BERNARDINE MEDICAL CENTER,CA,Acute Care Hospitals,Voluntary non-profit - Private,2,,1.05,
050131,NOVATO COMMUNITY HOSPITAL,CA,Acute Care Hospitals,Voluntary non-profit - Private,5,,0.93,
050132,SAN GABRIEL VALLEY MEDICAL CENTER,CA,Acute Care Hospitals,Proprietary,4,,1.21,
050133,ADVENTIST HEALTH AND RIDEOUT,CA,Acute Care Hospitals,Government - Federal,2,,0.98,
050135,SOUTHERN CALIFORNIA HOSPITAL AT HOLLYWOOD,CA,Acute Care Hospitals,Proprietary,3,,1.35,
050136,PETALUMA VALLEY HOSPITAL,CA,Acute Care Hospitals,Voluntary non-profit - Other,4,,0.97,
050137,KAISER FOUNDATION HOSPITAL - PANORAMA CITY,CA,Acute Care Hospitals,Voluntary non-profit - Private,4,,0.91,
050138,KAISER FOUNDATION HOSPITAL - LOS ANGELES,CA,Acute Care Hospitals,Voluntary non-profit - Other,5,,0.9,
050139,KAISER FOUNDATION HOSPITAL - DOWNEY,CA,Acute Care Hospitals,Voluntary non-profit - Other,4,,0.88,
050140,KAISER FOUNDATION HOSPITAL FONTANA/ONTARIO,CA,Acute Care Hospitals,Voluntary non-profit - Private,3,,0.93,
050145,COMMUNITY HOSPITAL OF THE MONTEREY PENINSULA,CA,Acute Care Hospitals,Voluntary non-profit - Private,4,,0.94,
050149,CALIFORNIA HOSPITAL MEDICAL CENTER LA,CA,Acute Care Hospitals,Voluntary non-profit - Other,2,,1.05,
050150,SIERRA NEVADA MEMORIAL HOSPITAL,CA,Acute Care Hospitals,Voluntary non-profit - Other,3,,0.97,
050152,UCSF HEALTH SAINT FRANCIS HOSPITAL,CA,Acute Care Hospitals,Voluntary non-profit - Private,3,,1.09,
050158,ENCINO HOSPITAL MEDICAL CENTER,CA,Acute Care Hospitals,Proprietary,3,,1.26,
050159,VENTURA COUNTY MEDICAL CENTER,CA,Acute Care Hospitals,Government - Local,2,,1.0,
050167,SAN JOAQUIN GENERAL HOSPITAL,CA,Acute Care Hospitals,Government - Local,2,,1.01,
050168,PROVIDENCE ST. JUDE MEDICAL CENTER,CA,Acute Care Hospitals,Voluntary non-profit - Church,4,,1.06,
050169,PIH HEALTH HOSPITAL-WHITTIER,CA,Acute Care Hospitals,Voluntary non-profit - Private,4,,0.96,
050174,PROVIDENCE SANTA ROSA MEMORIAL HOSPITAL,CA,Acute Care Hospitals,Voluntary non-profit - Private,3,,1.04,
050179,EMANUEL MEDICAL CENTER,CA,Acute Care Hospitals,Proprietary,2,,0.95,
050180,JOHN MUIR MEDICAL CENTER - WALNUT CREEK CAMPUS,CA,Acute Care Hospitals,Voluntary non-profit - Other,2,,1.02,
050191,ST MARY MEDICAL CENTER,CA,Acute Care Hospitals,Voluntary non-profit - Church,5,,1.1,
050194,WATSONVILLE COMMUNITY HOSPITAL,CA,Acute Care Hospitals,Proprietary,2,,0.96,
050195,WASHINGTON HOSPITAL,CA,Acute Care Hospitals,Government - Hospital District or Authority,2,,0.99,
050197,SEQUOIA HOSPITAL,CA,Acute Care Hospitals,Voluntary non-profit - Private,5,,0.94,
050204,PALMDALE REGIONAL MEDICAL CENTER,CA,Acute Care Hospitals,Proprietary,3,,1.06,
050211,ALAMEDA HOSPITAL,CA,Acute Care Hospitals,Government - Hospital District or Authority,4,,0.96,
050222,SHARP CHULA VISTA MEDICAL CENTER,CA,Acute Care Hospitals,Proprietary,4,,0.94,
050224,HOAG MEMORIAL HOSPITAL PRESBYTERIAN,CA,Acute Care Hospitals,Voluntary non-profit - Private,5,,1.02,
050226,AHMC ANAHEIM REGIONAL MEDICAL CENTER,CA,Acute Care Hospitals,Voluntary non-profit - Private,4,,1.08,
050228,ZUCKERBERG SAN FRANCISCO GENERAL HOSP & TRAUMA CTR,CA,Acute Care Hospitals,Government - Local,2,,0.91,
050230,GARDEN GROVE HOSPITAL & MEDICAL CENTER,CA,Acute Care Hospitals,Proprietary,2,,1.17,
050231,POMONA VALLEY HOSPITAL MEDICAL CENTER,CA,Acute Care Hospitals,Voluntary non-profit - Private,3,,0.99,
050232,FRENCH HOSPITAL MEDICAL CENTER,CA,Acute Care Hospitals,Voluntary non-profit - Private,5,,0.93,
050234,SHARP CORONADO HOSPITAL AND HLTHCR CTR,CA,Acute Care Hospitals,Proprietary,4,,0.85,
050235,PROVIDENCE SAINT JOSEPH MEDICAL CTR,CA,Acute Care Hospitals,Voluntary non-profit - Church,3,,1.01,
050236,ADVENTIST HEALTH SIMI VALLEY,CA,Acute Care Hospitals,Voluntary non-profit - Private,2,,1.0,
050238,USC ARCADIA HOSPITAL,CA,Acute Care Hospitals,Voluntary non-profit - Private,3,,1.13,
050239,GLENDALE ADVENTIST MEDICAL CENTER,CA,Acute Care Hospitals,Voluntary non-profit - Private,4,,1.09,
050242,DOMINICAN HOSPITAL,CA,Acute Care Hospitals,Voluntary non-profit - Private,4,,1.0,
050243,DESERT REGIONAL MEDICAL CENTER,CA,Acute Care Hospitals,Proprietary,2,,1.04,
050245,ARROWHEAD REGIONAL MEDICAL CENTER,CA,Acute Care Hospitals,Government - Local,2,23,1.02,
050248,NATIVIDAD MEDICAL CENTER,CA,Acute Care Hospitals,Government - Local,3,,1.04,
050254,MARSHALL MEDICAL CENTER,CA,Acute Care Hospitals,Voluntary non-profit - Private,4,,0.95,
050261,SIERRA VIEW MEDICAL CENTER,CA,Acute Care Hospitals,Voluntary non-profit - Private,3,,1.02,
050262,RONALD REAGAN UCLA MEDICAL CENTER,CA,Acute Care Hospitals,Government - State,4,,0.99,
050272,REDLANDS COMMUNITY HOSPITAL,CA,Acute Care Hospitals,Voluntary non-profit - Private,2,,1.05,
050276,CONTRA COSTA REGIONAL MEDICAL CENTER,CA,Acute Care Hospitals,Government - Local,4,,0.96,
050278,PROVIDENCE HOLY CROSS MEDICAL CENTER,CA,Acute Care Hospitals,Voluntary non-profit - Church,4,,1.01,
050279,HI-DESERT MEDICAL CENTER,CA,Acute Care Hospitals,Government - Hospital District or Authority,2,,0.92,
050280,MERCY MEDICAL CENTER REDDING,CA,Acute Care Hospitals,Voluntary non-profit - Private,2,,1.03,
050281,ALHAMBRA HOSPITAL MEDICAL CENTER,CA,Acute Care Hospitals,Proprietary,4,,1.18,
050283,STANFORD HEALTH CARE TRI-VALLEY,CA,Acute Care Hospitals,Voluntary non-profit - Private,5,,1.01,
050289,AHMC SETON MEDICAL CENTER,CA,Acute Care Hospitals,Proprietary,1,,1.01,
050290,SAINT JOHN'S HEALTH CENTER,CA,Acute Care Hospitals,Voluntary non-profit - Private,4,,1.02,
050291,SUTTER SANTA ROSA REGIONAL HOSPITAL,CA,Acute Care Hospitals,Voluntary non-profit - Other,5,,0.96,
050292,RIVERSIDE UNIVERSITY HEALTH SYSTEM-MEDICAL CENTER,CA,Acute Care Hospitals,Government - Local,3,,1.05,
050295,MERCY HOSPITAL,CA,Acute Care Hospitals,Voluntary non-profit - Other,3,,1.04,
050298,BARSTOW COMMUNITY HOSPITAL,CA,Acute Care Hospitals,Proprietary,1,,1.04,
050300,PROVIDENCE ST MARY MEDICAL CENTER,CA,Acute Care Hospitals,Voluntary non-profit - Private,2,,0.99,
050301,ADVENTIST HEALTH UKIAH VALLEY,CA,Acute Care Hospitals,Voluntary non-profit - Private,4,,0.95,
050305,ALTA BATES SUMMIT MEDICAL CENTER - ALTA BATES CAMP,CA,Acute Care Hospitals,Voluntary non-profit - Private,4,,0.97,
050308,EL CAMINO HEALTH,CA,Acute Care Hospitals,Government - Hospital District or Authority,4,,1.01,
050309,SUTTER ROSEVILLE MEDICAL CENTER,CA,Acute Care Hospitals,Voluntary non-profit - Private,5,,0.95,
050313,SUTTER TRACY COMMUNITY HOSPITAL,CA,Acute Care Hospitals,Proprietary,4,,0.98,
050315,KERN MEDICAL CENTER,CA,Acute Care Hospitals,Government - Hospital District or Authority,1,,0.98,
050320,HIGHLAND HOSPITAL,CA,Acute Care Hospitals,Government - Hospital District or Authority,1,,1.0,
050324,SCRIPPS MEMORIAL HOSPITAL LA JOLLA,CA,Acute Care Hospitals,Physician,5,,0.97,
050327,LOMA LINDA UNIVERSITY MEDICAL CENTER,CA,Acute Care Hospitals,Voluntary non-profit - Private,4,,0.99,
050329,CORONA REGIONAL MEDICAL CENTER,CA,Acute Care Hospitals,Proprietary,3,,1.04,
050334,SALINAS VALLEY HEALTH MEDICAL CENTER,CA,Acute Care Hospitals,Voluntary non-profit - Other,4,,0.98,
050335,ADVENTIST HEALTH SONORA,CA,Acute Care Hospitals,Voluntary non-profit - Church,3,,0.91,
050336,ADVENTIST HEALTH LODI MEMORIAL,CA,Acute Care Hospitals,Voluntary non-profit - Other,3,,1.0,
050342,PIONEERS MEMORIAL HEALTHCARE DISTRICT,CA,Acute Care Hospitals,Government - Hospital District or Authority,3,,0.87,
050348,UCI HEALTH-ORANGE,CA,Acute Care Hospitals,Government - Local,4,,1.02,
050351,TORRANCE MEMORIAL MEDICAL CENTER,CA,Acute Care Hospitals,Voluntary non-profit - Other,5,,0.94,
050352,BARTON MEMORIAL HOSPITAL,CA,Acute Care Hospitals,Voluntary non-profit - Private,3,,0.87,
050353,PROVIDENCE LITTLE COMPANY OF MARY MED CTR TORRANCE,CA,Acute Care Hospitals,Voluntary non-profit - Church,5,,0.97,
050357,GOLETA VALLEY COTTAGE HOSPITAL,CA,Acute Care Hospitals,Voluntary non-profit - Other,5,,1.01,
050360,MARINHEALTH MEDICAL CENTER,CA,Acute Care Hospitals,Government - Hospital District or Authority,5,,0.98,
050367,NORTHBAY MEDICAL CENTER,CA,Acute Care Hospitals,Voluntary non-profit - Private,2,,0.94,
050373,LOS ANGELES GENERAL MEDICAL CENTER,CA,Acute Care Hospitals,Government - Local,2,,0.88,
050376,LAC/HARBOR-UCLA MED CENTER,CA,Acute Care Hospitals,Government - Local,1,,0.89,
050380,GOOD SAMARITAN HOSPITAL,CA,Acute Care Hospitals,Proprietary,2,,1.02,
050382,EMANATE HEALTH INTER-COMMUNITY HOSPITAL,CA,Acute Care Hospitals,Proprietary,1,,1.18,
050390,HEMET GLOBAL MEDICAL CENTER,CA,Acute Care Hospitals,Proprietary,1,,1.09,
050393,PIH HEALTH DOWNEY HOSPITAL,CA,Acute Care Hospitals,Voluntary non-profit - Private,4,,0.99,
050394,COMMUNITY MEMORIAL HOSPITAL - VENTURA,CA,Acute Care Hospitals,Voluntary non-profit - Private,4,,1.01,
050396,SANTA BARBARA COTTAGE HOSPITAL,CA,Acute Care Hospitals,Voluntary non-profit - Private,4,,1.01,
050407,CHINESE HOSPITAL,CA,Acute Care Hospitals,Voluntary non-profit - Private,2,,0.9,
050411,KAISER FOUNDATION HOSPITAL - SOUTH BAY,CA,Acute Care Hospitals,Voluntary non-profit - Other,3,,0.99,
050414,MERCY HOSPITAL OF FOLSOM,CA,Acute Care Hospitals,Voluntary non-profit - Private,4,,0.94,
050417,SUTTER COAST HOSPITAL,CA,Acute Care Hospitals,Government - Hospital District or Authority,2,,0.92,
050424,SCRIPPS GREEN HOSPITAL,CA,Acute Care Hospitals,Voluntary non-profit - Other,5,,0.92,
050425,KAISER FOUNDATION HOSPITAL - SACRAMENTO,CA,Acute Care Hospitals,Voluntary non-profit - Private,4,,0.98,
050426,WEST ANAHEIM MEDICAL CENTER,CA,Acute Care Hospitals,Proprietary,2,,1.23,
050441,STANFORD HEALTH CARE,CA,Acute Care Hospitals,Voluntary non-profit - Private,5,,0.98,
050444,MERCY MEDICAL CENTER,CA,Acute Care Hospitals,Voluntary non-profit - Private,3,,0.95,
050454,UCSF MEDICAL CENTER,CA,Acute Care Hospitals,Voluntary non-profit - Other,4,,0.96,
050455,ADVENTIST HEALTH BAKERSFIELD,CA,Acute Care Hospitals,Voluntary non-profit - Private,2,,1.09,
050457,UCSF HEALTH ST. MARY'S HOSPITAL,CA,Acute Care Hospitals,Voluntary non-profit - Private,4,,0.99,
050464,DOCTORS MEDICAL CENTER,CA,Acute Care Hospitals,Proprietary,1,,1.03,
050468,MEMORIAL HOSPITAL OF GARDENA,CA,Acute Care Hospitals,Proprietary,1,,1.1,
050471,PIH HEALTH GOOD SAMARITAN HOSPITAL,CA,Acute Care Hospitals,Proprietary,2,,1.18,
050481,UCLA WEST VALLEY MEDICAL CENTER,CA,Acute Care Hospitals,Proprietary,2,,1.09,
050485,MEMORIALCARE LONG BEACH MEDICAL CENTER,CA,Acute Care Hospitals,Voluntary non-profit - Other,2,,1.11,
050488,EDEN MEDICAL CENTER,CA,Acute Care Hospitals,Voluntary non-profit - Other,4,,1.07,
050492,CLOVIS COMMUNITY MEDICAL CENTER,CA,Acute Care Hospitals,Voluntary non-profit - Private,2,,1.05,
050496,JOHN MUIR MEDICAL CENTER - CONCORD CAMPUS,CA,Acute Care Hospitals,Voluntary non-profit - Private,4,,0.97,
050498,SUTTER AUBURN FAITH HOSPITAL,CA,Acute Care Hospitals,Voluntary non-profit - Private,5,,0.92,
050503,SCRIPPS MEMORIAL HOSPITAL - ENCINITAS,CA,Acute Care Hospitals,Voluntary non-profit - Private,4,,0.94,
050506,ADVENTIST HEALTH SIERRA VISTA,CA,Acute Care Hospitals,Proprietary,3,,0.98,
050510,KAISER FOUNDATION HOSPITAL,CA,Acute Care Hospitals,Voluntary non-profit - Private,4,,0.9,
050512,KAISER FOUNDATION HOSPITAL - FREMONT,CA,Acute Care Hospitals,Voluntary non-profit - Private,4,,0.86,
050515,KAISER FOUNDATION HOSPITAL - SAN DIEGO,CA,Acute Care Hospitals,Voluntary non-profit - Private,4,,0.87,
050516,MERCY SAN JUAN MEDICAL CENTER,CA,Acute Care Hospitals,Voluntary non-profit - Private,3,,0.99,
050517,VICTOR VALLEY GLOBAL MEDICAL CENTER,CA,Acute Care Hospitals,Voluntary non-profit - Private,1,,1.2,
050523,SUTTER DELTA MEDICAL CENTER,CA,Acute Care Hospitals,Voluntary non-profit - Private,3,,0.98,
050526,HUNTINGTON BEACH HOSPITAL,CA,Acute Care Hospitals,Proprietary,1,,1.25,
050528,MEMORIAL HOSPITAL LOS BANOS,CA,Acute Care Hospitals,Voluntary non-profit - Private,3,,1.0,
050534,JOHN F KENNEDY MEMORIAL HOSPITAL,CA,Acute Care Hospitals,Proprietary,2,,0.97,
050537,SUTTER DAVIS HOSPITAL,CA,Acute Care Hospitals,Voluntary non-profit - Private,4,,0.9,
050541,KAISER FOUNDATION HOSPITAL - REDWOOD CITY,CA,Acute Care Hospitals,Voluntary non-profit - Private,4,,0.91,
050549,LOS ROBLES HOSPITAL & MEDICAL CENTER,CA,Acute Care Hospitals,Proprietary,4,,1.02,
050551,UCI HEALTH - LOS ALAMITOS,CA,Acute Care Hospitals,Proprietary,1,,1.03,
050557,MEMORIAL MEDICAL CENTER,CA,Acute Care Hospitals,Voluntary non-profit - Private,3,,0.96,
050561,KAISER FOUNDATION HOSPITAL - WEST LA,CA,Acute Care Hospitals,Voluntary non-profit - Private,3,,1.02,
050567,PROVIDENCE MISSION HOSPITAL,CA,Acute Care Hospitals,Voluntary non-profit - Private,5,,1.0,
050570,UCI HEALTH - FOUNTAIN VALLEY,CA,Acute Care Hospitals,Proprietary,2,,1.11,
050573,EISENHOWER MEDICAL CENTER,CA,Acute Care Hospitals,Proprietary,4,,1.0,
050580,LA PALMA INTERCOMMUNITY HOSPITAL,CA,Acute Care Hospitals,Proprietary,3,,1.18,
050581,UCI HEALTH-LAKEWOOD,CA,Acute Care Hospitals,Proprietary,2,,1.16,
050586,CHINO VALLEY MEDICAL CENTER,CA,Acute Care Hospitals,Proprietary,4,,1.03,
050588,SAN DIMAS COMMUNITY HOSPITAL,CA,Acute Care Hospitals,Proprietary,2,,1.14,
050590,METHODIST HOSPITAL OF SACRAMENTO,CA,Acute Care Hospitals,Voluntary non-profit - Private,3,,0.94,
050597,EMANATE HEALTH FOOTHILL PRESBYTERIAN HOSPITAL,CA,Acute Care Hospitals,Voluntary non-profit - Private,3,,1.16,
050599,UNIVERSITY OF CALIFORNIA DAVIS MEDICAL CENTER,CA,Acute Care Hospitals,Government - Hospital District or Authority,4,,1.0,
050603,MEMORIALCARE SADDLEBACK MEDICAL CENTER,CA,Acute Care Hospitals,Voluntary non-profit - Private,4,,1.06,
050604,KAISER FOUNDATION HOSPITAL-SAN JOSE,CA,Acute Care Hospitals,Voluntary non-profit - Private,3,,0.91,
050608,ADVENTIST HEALTH DELANO,CA,Acute Care Hospitals,Proprietary,2,,0.96,
050609,KAISER FOUNDATION HOSPITAL - ORANGE COUNTY - ANAHEIM,CA,Acute Care Hospitals,Voluntary non-profit - Private,4,,0.84,
050624,HENRY MAYO NEWHALL  HOSPITAL,CA,Acute Care Hospitals,Voluntary non-profit - Private,2,,1.02,
050625,CEDARS-SINAI MEDICAL CENTER,CA,Acute Care Hospitals,Voluntary non-profit - Other,5,,1.04,
050633,ADVENTIST HEALTH TWIN CITIES,CA,Acute Care Hospitals,Proprietary,2,,0.96,
050636,PALOMAR MEDICAL CENTER POWAY,CA,Acute Care Hospitals,Government - Hospital District or Authority,4,,1.06,
050641,EAST LOS ANGELES DOCTORS HOSPITAL,CA,Acute Care Hospitals,Proprietary,1,,1.19,
050663,LOS ANGELES COMMUNITY HOSPITAL,CA,Acute Care Hospitals,Proprietary,3,,1.38,
050674,KAISER FOUNDATION HOSP SO SACRAMENTO,CA,Acute Care Hospitals,Voluntary non-profit - Private,2,,0.97,
050677,KAISER FOUNDATION HOSPITAL - WOODLAND HILLS,CA,Acute Care Hospitals,Voluntary non-profit - Private,4,,0.99,
050678,MEMORIALCARE ORANGE COAST MEDICAL CENTER,CA,Acute Care Hospitals,Proprietary,4,,1.05,
050686,"KAISER FOUNDATION HOSPITAL, RIVERSIDE",CA,Acute Care Hospitals,Voluntary non-profit - Private,4,,0.97,
050689,SAN RAMON REGIONAL MEDICAL CENTER,CA,Acute Care Hospitals,Proprietary,4,,0.97,
050690,KAISER FOUNDATION HOSPITAL-SANTA ROSA,CA,Acute Care Hospitals,Voluntary non-profit - Private,3,,0.88,
050696,KECK HOSPITAL OF USC,CA,Acute Care Hospitals,Voluntary non-profit - Other,5,,0.97,
050701,SOUTHWEST HEALTHCARE RANCHO SPRINGS HOSPITAL,CA,Acute Care Hospitals,Proprietary,3,,1.02,
050704,MISSION COMMUNITY HOSPITAL,CA,Acute Care Hospitals,Voluntary non-profit - Private,3,,1.31,
050709,DESERT VALLEY HOSPITAL,CA,Acute Care Hospitals,Proprietary,3,,0.93,
050710,KAISER FOUNDATION HOSPITAL - FRESNO,CA,Acute Care Hospitals,Voluntary non-profit - Private,4,,0.84,
050717,LAC/RANCHO LOS AMIGOS NATIONAL REHABILITATION  CTR,CA,Acute Care Hospitals,Government - Local,3,,1.03,
050723,KAISER FOUNDATION HOSPITAL - BALDWIN PARK,CA,Acute Care Hospitals,Voluntary non-profit - Other,3,,1.0,
050735,WHITTIER HOSPITAL MEDICAL CENTER,CA,Acute Care Hospitals,Proprietary,4,,1.34,
050736,MONTEREY PARK HOSPITAL,CA,Acute Care Hospitals,Proprietary,2,,1.05,
050737,GARFIELD MEDICAL CENTER,CA,Acute Care Hospitals,Proprietary,1,,1.16,
050738,GREATER EL MONTE COMMUNITY HOSPITAL,CA,Acute Care Hospitals,Voluntary non-profit - Private,2,,1.43,
050739,CENTINELA HOSPITAL MEDICAL CENTER,CA,Acute Care Hospitals,Proprietary,2,,1.09,
050740,CEDAR-SINAI MARINA DEL REY HOSPITAL,CA,Acute Care Hospitals,Proprietary,4,,1.04,
050744,ANAHEIM GLOBAL MEDICAL CENTER,CA,Acute Care Hospitals,Proprietary,2,,1.24,
050745,CHAPMAN GLOBAL MEDICAL CENTER,CA,Acute Care Hospitals,Proprietary,2,,1.42,
050746,ORANGE COUNTY GLOBAL MEDICAL CENTER,CA,Acute Care Hospitals,Proprietary,2,,1.05,
050747,COASTAL COMMUNITIES HOSPITAL,CA,Acute Care Hospitals,Proprietary,1,,1.4,
050748,KAISER FOUNDATION HOSPITAL MANTECA,CA,Acute Care Hospitals,Voluntary non-profit - Private,4,,1.04,
050755,SHERMAN OAKS HOSPITAL,CA,Acute Care Hospitals,Voluntary non-profit - Private,2,,1.19,
050758,MONTCLAIR HOSPITAL MEDICAL CENTER,CA,Acute Care Hospitals,Voluntary non-profit - Private,3,,1.23,
050760,KAISER FOUNDATION HOSPITAL - ANTIOCH,CA,Acute Care Hospitals,Voluntary non-profit - Private,1,,0.97,
050761,PROVIDENCE CEDARS SINAI TARZANA MEDICAL CENTER,CA,Acute Care Hospitals,Voluntary non-profit - Private,3,,1.04,
050763,L A DOWNTOWN MEDICAL CENTER,CA,Acute Care Hospitals,Proprietary,3,,1.29,
050764,SHASTA REGIONAL MEDICAL CENTER,CA,Acute Care Hospitals,Proprietary,2,,0.95,
050767,KAISER FOUNDATION HOSPITAL - VACAVILLE,CA,Acute Care Hospitals,Voluntary non-profit - Private,4,,0.86,
050770,LOMA LINDA UNIVERSITY MEDICAL CENTER-MURRIETA,CA,Acute Care Hospitals,Voluntary non-profit - Private,2,,1.07,
050771,COAST PLAZA HOSPITAL,CA,Acute Care Hospitals,Proprietary,1,,1.35,
050772,KAISER FOUNDATION HOSPITAL - ROSEVILLE,CA,Acute Care Hospitals,Voluntary non-profit - Private,4,,0.84,
050775,TEMECULA VALLEY HOSPITAL,CA,Acute Care Hospitals,Proprietary,4,,1.04,
050776,COLLEGE MEDICAL CENTER,CA,Acute Care Hospitals,Proprietary,3,,1.36,
050777,KAISER FOUNDATION HOSPITAL - SAN LEANDRO,CA,Acute Care Hospitals,Voluntary non-profit - Private,2,,1.02,
050779,"MARTIN LUTHER KING, JR. COMMUNITY HOSPITAL",CA,Acute Care Hospitals,Voluntary non-profit - Private,4,,0.95,
050780,FOOTHILL REGIONAL MEDICAL CENTER,CA,Acute Care Hospitals,Proprietary,3,,1.42,
050783,COLUSA MEDICAL CENTER,CA,Acute Care Hospitals,Proprietary,1,,0.99,
050784,ADVENTIST HEALTH TULARE,CA,Acute Care Hospitals,Voluntary non-profit - Private,3,,1.02,
050855,KAISER FOUNDATION HOSPITAL - SAN MARCOS,CA,Acute Care Hospitals,Voluntary non-profit - Private,4,,0.89,
060001,BANNER NORTH COLORADO MEDICAL CENTER,CO,Acute Care Hospitals,Voluntary non-profit - Private,4,,1.08,
060003,LONGMONT UNITED HOSPITAL,CO,Acute Care Hospitals,Voluntary non-profit - Private,3,,1.0,
060004,INTERMOUNTAIN HEALTH PLATTE VALLEY HOSPITAL,CO,Acute Care Hospitals,Voluntary non-profit - Private,3,,1.08,
060006,MONTROSE REGIONAL HEALTH,CO,Acute Care Hospitals,Voluntary non-profit - Private,4,,0.96,
060008,SAN LUIS VALLEY REGIONAL  MEDICAL CENTER,CO,Acute Care Hospitals,Voluntary non-profit - Private,3,,1.11,
060009,INTERMOUNTAIN HEALTH LUTHERAN HOSPITAL,CO,Acute Care Hospitals,Voluntary non-profit - Private,4,,0.99,
060010,POUDRE VALLEY HOSPITAL,CO,Acute Care Hospitals,Voluntary non-profit - Private,5,,0.98,
060011,DENVER HEALTH & HOSPITAL AUTHORITY,CO,Acute Care Hospitals,Government - State,3,,0.89,
060012,ST MARY-CORWIN HOSPITAL,CO,Acute Care Hospitals,Voluntary non-profit - Church,4,,0.91,
060013,MERCY REGIONAL MEDICAL CENTER,CO,Acute Care Hospitals,Voluntary non-profit - Church,5,,0.9,
060014,HCA HealthOne Presbyterian St. Lukes,CO,Acute Care Hospitals,Government - State,2,,1.01,
060015,CENTURA HEALTH-ST ANTHONY HOSPITAL,CO,Acute Care Hospitals,Voluntary non-profit - Church,4,,1.04,
060020,"PARKVIEW MEDICAL CENTER, INC",CO,Acute Care Hospitals,Voluntary non-profit - Private,3,,1.0,
060022,UCH-MEMORIAL HEALTH SYSTEM,CO,Acute Care Hospitals,Government - Local,4,,1.0,
060023,INTERMOUNTAIN HEALTH ST. MARY'S REGIONAL HOSPITAL,CO,Acute Care Hospitals,Voluntary non-profit - Church,4,,1.04,
060024,UNIVERSITY OF COLORADO HOSPITAL AUTHORITY,CO,Acute Care Hospitals,Government - Hospital District or Authority,5,,0.96,
060027,BOULDER COMMUNITY HEALTH,CO,Acute Care Hospitals,Voluntary non-profit - Private,4,,0.92,
060028,SAINT JOSEPH HOSPITAL,CO,Acute Care Hospitals,Voluntary non-profit - Private,5,,0.96,
060030,BANNER NORTH CO MEDICAL CENTER - LOVELAND CAMPUS,CO,Acute Care Hospitals,Voluntary non-profit - Private,3,,0.99,
060031,CENTURA HEALTH-PENROSE ST FRANCIS HEALTH SERVICES,CO,Acute Care Hospitals,Voluntary non-profit - Private,3,,1.0,
060032,HCA HEALTHONE ROSE,CO,Acute Care Hospitals,Proprietary,4,,1.02,
060034,HCA-HEALTHONE DBA SWEDISH MEDICAL CENTER,CO,Acute Care Hospitals,Proprietary,4,,1.08,
060044,ST ELIZABETH HOSPITAL,CO,Acute Care Hospitals,Voluntary non-profit - Other,4,,0.96,
060054,COMMUNITY HOSPITAL,CO,Acute Care Hospitals,Voluntary non-profit - Private,4,,0.97,
060064,AdventHealth Porter,CO,Acute Care Hospitals,Voluntary non-profit - Private,4,,0.93,
060065,HCA HEALTHONE MOUNTAIN RIDGE,CO,Acute Care Hospitals,Voluntary non-profit - Private,3,,1.01,
060071,DELTA COUNTY MEMORIAL HOSPITAL,CO,Acute Care Hospitals,Government - Local,3,,0.96,
060075,VALLEY VIEW HOSPITAL ASSOCIATION,CO,Acute Care Hospitals,Voluntary non-profit - Private,4,,1.0,
060076,STERLING REGIONAL MEDCENTER,CO,Acute Care Hospitals,Voluntary non-profit - Private,3,,0.91,
060096,VAIL HEALTH HOSPITAL,CO,Acute Care Hospitals,Voluntary non-profit - Other,5,,0.9,
060100,THE MEDICAL CENTER OF AURORA & SOUTH HOSPITAL,CO,Acute Care Hospitals,Proprietary,4,,1.01,
060103,ADVENTHEALTH AVISTA,CO,Acute Care Hospitals,Voluntary non-profit - Church,4,,0.96,
060104,CENTURA HEALTH-ST ANTHONY NORTH HEALTH CAMPUS,CO,Acute Care Hospitals,Voluntary non-profit - Private,5,,0.98,
060112,SKY RIDGE MEDICAL CENTER,CO,Acute Care Hospitals,Voluntary non-profit - Other,3,,1.04,
060113,AdventHealth Littleton,CO,Acute Care Hospitals,Voluntary non-profit - Church,4,,1.0,
060114,AdventHealth Parker,CO,Acute Care Hospitals,Voluntary non-profit - Private,5,,0.91,
060116,GOOD SAMARITAN MEDICAL CENTER LLC,CO,Acute Care Hospitals,Voluntary non-profit - Private,4,,1.0,
060119,MEDICAL CENTER OF THE ROCKIES,CO,Acute Care Hospitals,Voluntary non-profit - Private,5,,1.01,
060125,ADVENTHEALTH CASTLE ROCK,CO,Acute Care Hospitals,Voluntary non-profit - Private,5,,0.92,
060128,LONGS PEAK HOSPITAL,CO,Acute Care Hospitals,Voluntary non-profit - Private,5,,0.98,
060131,UCHEALTH GREELEY HOSPITAL,CO,Acute Care Hospitals,Voluntary non-profit - Private,4,,1.05,
060132,UCHEALTH HIGHLANDS RANCH HOSPITAL,CO,Acute Care Hospitals,Voluntary non-profit - Private,5,,0.97,
070002,ST FRANCIS HOSPITAL & MEDICAL CENTER,CT,Acute Care Hospitals,Voluntary non-profit - Church,2,,1.05,
070003,DAY KIMBALL HOSPITAL,CT,Acute Care Hospitals,Voluntary non-profit - Private,2,,1.07,
070004,SHARON HOSPITAL,CT,Acute Care Hospitals,Proprietary,5,,0.92,
070005,WATERBURY HOSPITAL,CT,Acute Care Hospitals,Proprietary,2,,1.03,
070006,STAMFORD HOSPITAL,CT,Acute Care Hospitals,Voluntary non-profit - Private,5,,1.0,
070007,LAWRENCE & MEMORIAL HOSPITAL,CT,Acute Care Hospitals,Voluntary non-profit - Private,3,,0.97,
070008,JOHNSON MEMORIAL HOSPITAL,CT,Acute Care Hospitals,Voluntary non-profit - Private,3,,0.98,
070010,BRIDGEPORT HOSPITAL,CT,Acute Care Hospitals,Voluntary non-profit - Private,4,,0.99,
070011,CHARLOTTE HUNGERFORD HOSPITAL,CT,Acute Care Hospitals,Voluntary non-profit - Private,3,,0.96,
070016,SAINT MARY'S HOSPITAL,CT,Acute Care Hospitals,Voluntary non-profit - Church,3,,1.02,
070017,MIDSTATE MEDICAL CENTER,CT,Acute Care Hospitals,Voluntary non-profit - Private,4,,1.02,
070018,GREENWICH HOSPITAL ASSOCIATION -,CT,Acute Care Hospitals,Voluntary non-profit - Private,5,,0.94,
070020,MIDDLESEX HOSPITAL,CT,Acute Care Hospitals,Voluntary non-profit - Private,3,,0.95,
070021,WINDHAM COMMUNITY MEMORIAL HOSPITAL,CT,Acute Care Hospitals,Voluntary non-profit - Private,3,,0.94,
070022,YALE-NEW HAVEN HOSPITAL,CT,Acute Care Hospitals,Voluntary non-profit - Private,5,,0.99,
070024,WILLIAM W BACKUS HOSPITAL,CT,Acute Care Hospitals,Voluntary non-profit - Other,4,,0.97,
070025,HARTFORD HOSPITAL,CT,Acute Care Hospitals,Voluntary non-profit - Private,4,,1.02,
070027,MANCHESTER MEMORIAL HOSPITAL,CT,Acute Care Hospitals,Proprietary,4,,0.98,
070028,ST VINCENT'S MEDICAL CENTER,CT,Acute Care Hospitals,Voluntary non-profit - Private,4,,1.03,
070029,BRISTOL HOSPITAL,CT,Acute Care Hospitals,Voluntary non-profit - Private,2,,1.06,
070031,GRIFFIN HOSPITAL,CT,Acute Care Hospitals,Voluntary non-profit - Other,4,,0.94,
070033,DANBURY HOSPITAL,CT,Acute Care Hospitals,Voluntary non-profit - Private,4,,1.02,
070034,NORWALK HOSPITAL,CT,Acute Care Hospitals,Voluntary non-profit - Private,3,,1.0,
070035,THE HOSPITAL OF CENTRAL CONNECTICUT,CT,Acute Care Hospitals,Voluntary non-profit - Other,2,,1.03,
070036,JOHN DEMPSEY HOSPITAL OF THE UNIVERSITY OF CONNECT,CT,Acute Care Hospitals,Government - Local,3,,0.99,
080001,CHRISTIANA HOSPITAL,DE,Acute Care Hospitals,Voluntary non-profit - Private,4,,1.04,
080003,ST FRANCIS HOSPITAL,DE,Acute Care Hospitals,Voluntary non-profit - Private,3,,0.98,
080004,"BAYHEALTH MEDICAL CENTER, KENT CAMPUS",DE,Acute Care Hospitals,Voluntary non-profit - Private,2,,1.04,
080006,"TIDALHEALTH NANTICOKE, INC.",DE,Acute Care Hospitals,Voluntary non-profit - Private,3,,1.02,
080007,BEEBE MEDICAL CENTER,DE,Acute Care Hospitals,Voluntary non-profit - Private,3,,1.0,
080009,"BAYHEALTH HOSPITAL, SUSSEX CAMPUS",DE,Acute Care Hospitals,Voluntary non-profit - Private,3,,1.01,
090001,GEORGE WASHINGTON UNIV HOSPITAL,DC,Acute Care Hospitals,Proprietary,2,,0.98,
090003,HOWARD UNIVERSITY HOSPITAL CORP,DC,Acute Care Hospitals,Voluntary non-profit - Other,1,,0.98,
090004,MEDSTAR GEORGETOWN UNIVERSITY HOSPITAL,DC,Acute Care Hospitals,Proprietary,3,,1.0,
090005,SIBLEY MEMORIAL HOSPITAL,DC,Acute Care Hospitals,Voluntary non-profit - Other,5,,0.96,
090008,UNITED MEDICAL CENTER,DC,Acute Care Hospitals,Proprietary,3,,1.04,
090011,MEDSTAR WASHINGTON HOSPITAL CENTER,DC,Acute Care Hospitals,Voluntary non-profit - Other,3,,1.02,
100001,SHANDS JACKSONVILLE,FL,Acute Care Hospitals,Voluntary non-profit - Private,4,,0.95,
100002,BETHESDA HOSPITAL EAST,FL,Acute Care Hospitals,Voluntary non-profit - Private,2,,1.02,
100006,ORLANDO HEALTH,FL,Acute Care Hospitals,Voluntary non-profit - Private,4,,1.0,
100007,ADVENTHEALTH ORLANDO,FL,Acute Care Hospitals,Voluntary non-profit - Private,3,,0.99,
100008,BAPTIST HOSPITAL OF MIAMI,FL,Acute Care Hospitals,Voluntary non-profit - Private,5,,1.02,
100012,LEE MEMORIAL HOSPITAL,FL,Acute Care Hospitals,Government - Hospital District or Authority,5,,0.95,
100014,ADVENTHEALTH NEW SMYRNA BEACH,FL,Acute Care Hospitals,Voluntary non-profit - Church,4,,0.97,
100017,HALIFAX HEALTH MEDICAL CENTER,FL,Acute Care Hospitals,Government - Hospital District or Authority,2,,1.03,
100018,NAPLES COMMUNITY HOSPITAL,FL,Acute Care Hospitals,Voluntary non-profit - Private,3,,1.02,
100019,HOLMES REGIONAL MEDICAL CENTER,FL,Acute Care Hospitals,Voluntary non-profit - Private,4,,1.08,
100022,JACKSON HEALTH SYSTEM,FL,Acute Care Hospitals,Government - Hospital District or Authority,1,,1.11,
100023,HCA FLORIDA CITRUS HOSPITAL,FL,Acute Care Hospitals,Government - Hospital District or Authority,2,,1.0,
100025,SACRED HEART HOSPITAL,FL,Acute Care Hospitals,Voluntary non-profit - Private,4,29,1.0,29
100026,ASCENSION SACRED HEART BAY,FL,Acute Care Hospitals,Voluntary non-profit - Private,3,29,1.08,29
100028,PARRISH MEDICAL CENTER,FL,Acute Care Hospitals,Government - Hospital District or Authority,2,,1.05,
100029,NORTH SHORE MEDICAL CENTER,FL,Acute Care Hospitals,Proprietary,1,,1.14,
100030,ORLANDO HEALTH-HEALTH CENTRAL HOSPITAL,FL,Acute Care Hospitals,Government - State,3,,0.98,
100032,ORLANDO HEALTH BAYFRONT HOSPITAL,FL,Acute Care Hospitals,Voluntary non-profit - Private,2,,1.11,
100034,"MOUNT SINAI MEDICAL CENTER OF FLORIDA, INC",FL,Acute Care Hospitals,Voluntary non-profit - Private,3,,1.02,
100035,MANATEE MEMORIAL HOSPITAL,FL,Acute Care Hospitals,Proprietary,3,,1.03,
100038,MEMORIAL REGIONAL HOSPITAL,FL,Acute Care Hospitals,Government - Hospital District or Authority,3,,1.04,
100039,BROWARD HEALTH MEDICAL CENTER,FL,Acute Care Hospitals,Government - Hospital District or Authority,3,,1.06,
100040,ASCENSION ST VINCENT'S RIVERSIDE,FL,Acute Care Hospitals,Voluntary non-profit - Private,3,29,1.01,29
100043,MEASE DUNEDIN HOSPITAL,FL,Acute Care Hospitals,Voluntary non-profit - Private,4,,1.0,
100044,CLEVELAND CLINIC MARTIN NORTH HOSPITAL,FL,Acute Care Hospitals,Voluntary non-profit - Private,3,,1.02,
100045,ADVENTHEALTH DELAND,FL,Acute Care Hospitals,Voluntary non-profit - Church,4,,1.0,
100046,Adventhealth Zephyrhills,FL,Acute Care Hospitals,Voluntary non-profit - Church,4,,0.98,
100049,HCA FLORIDA HIGHLANDS HOSPITAL,FL,Acute Care Hospitals,Proprietary,3,,1.01,
100050,LARKIN COMMUNITY HOSPITAL PALM SPRINGS CAMPUS,FL,Acute Care Hospitals,Voluntary non-profit - Private,4,,1.26,
100051,ORLANDO HEALTH SOUTH LAKE HOSPITAL,FL,Acute Care Hospitals,Government - Hospital District or Authority,3,,0.98,
100052,WINTER HAVEN HOSPITAL,FL,Acute Care Hospitals,Voluntary non-profit - Private,3,,1.0,
100053,HIALEAH HOSPITAL,FL,Acute Care Hospitals,Proprietary,3,,1.17,
100054,HCA FLORIDA TWIN CITIES HOSPITAL,FL,Acute Care Hospitals,Proprietary,5,,0.98,
100055,ADVENTHEALTH NORTH PINELLAS,FL,Acute Care Hospitals,Voluntary non-profit - Other,4,,1.02,
100057,ADVENTHEALTH WATERMAN,FL,Acute Care Hospitals,Voluntary non-profit - Church,4,,1.01,
100062,ADVENTHEALTH OCALA,FL,Acute Care Hospitals,Government - Hospital District or Authority,4,,1.01,
100063,MORTON PLANT NORTH BAY HOSPITAL,FL,Acute Care Hospitals,Voluntary non-profit - Private,3,,0.98,
100067,ST ANTHONYS HOSPITAL,FL,Acute Care Hospitals,Voluntary non-profit - Church,3,,1.03,
100068,ADVENTHEALTH DAYTONA BEACH,FL,Acute Care Hospitals,Voluntary non-profit - Church,5,,0.97,
100069,AdventHealth Carrollwood,FL,Acute Care Hospitals,Voluntary non-profit - Church,3,,1.02,
100071,TAMPA GENERAL HOSPITAL BROOKSVILLE,FL,Acute Care Hospitals,Voluntary non-profit - Church,1,,1.04,
100072,ADVENTHEALTH FISH MEMORIAL,FL,Acute Care Hospitals,Voluntary non-profit - Church,5,,0.95,
100073,HOLY CROSS HOSPITAL,FL,Acute Care Hospitals,Voluntary non-profit - Church,4,,1.06,
100075,ST JOSEPHS HOSPITAL,FL,Acute Care Hospitals,Voluntary non-profit - Church,4,,1.01,
100077,Adventhealth Port Charlotte,FL,Acute Care Hospitals,Proprietary,1,,1.01,
100080,HCA FLORIDA JFK HOSPITAL,FL,Acute Care Hospitals,Proprietary,2,,1.0,
100084,UF HEALTH LEESBURG HOSPITAL,FL,Acute Care Hospitals,Voluntary non-profit - Private,3,,1.04,
100086,BROWARD HEALTH NORTH,FL,Acute Care Hospitals,Government - Hospital District or Authority,3,,1.11,
100087,SARASOTA MEMORIAL HOSPITAL,FL,Acute Care Hospitals,Government - Hospital District or Authority,5,,1.05,
100088,BAPTIST HEALTH MEDICAL CENTER - JACKSONVILLE,FL,Acute Care Hospitals,Voluntary non-profit - Private,4,,0.98,
100090,FLAGLER HOSPITAL,FL,Acute Care Hospitals,Voluntary non-profit - Private,3,,1.08,
100093,BAPTIST HOSPITAL,FL,Acute Care Hospitals,Voluntary non-profit - Private,4,,1.05,
100099,ADVENTHEALTH LAKE WALES,FL,Acute Care Hospitals,Proprietary,2,,0.98,
100105,CLEVELAND CLINIC INDIAN RIVER HOSPITAL,FL,Acute Care Hospitals,Voluntary non-profit - Private,4,,1.01,
100107,HCA FLORIDA LEHIGH HOSPITAL,FL,Acute Care Hospitals,Proprietary,2,,0.95,
100109,ADVENTHEALTH SEBRING,FL,Acute Care Hospitals,Voluntary non-profit - Private,3,,1.02,
100110,HCA FLORIDA OSCEOLA HOSPITAL,FL,Acute Care Hospitals,Proprietary,2,,1.06,
100113,UF HEALTH SHANDS HOSPITAL,FL,Acute Care Hospitals,Voluntary non-profit - Private,5,,0.98,
100117,BAPTIST MEDICAL CENTER  BEACHES,FL,Acute Care Hospitals,Voluntary non-profit - Private,4,,1.0,
100118,AdventHealth Palm Coast,FL,Acute Care Hospitals,Voluntary non-profit - Church,5,,0.93,
100121,BARTOW REGIONAL MEDICAL CENTER,FL,Acute Care Hospitals,Proprietary,3,,0.98,
100122,NORTH OKALOOSA MEDICAL CENTER,FL,Acute Care Hospitals,Voluntary non-profit - Private,3,,1.03,
100124,SANTA ROSA MEDICAL CENTER,FL,Acute Care Hospitals,Proprietary,4,,0.96,
100125,HOMESTEAD HOSPITAL,FL,Acute Care Hospitals,Voluntary non-profit - Private,4,,0.98,
100127,MORTON PLANT HOSPITAL,FL,Acute Care Hospitals,Voluntary non-profit - Private,4,,1.03,
100128,TAMPA GENERAL HOSPITAL,FL,Acute Care Hospitals,Voluntary non-profit - Private,3,,1.0,
100131,HCA FLORIDA AVENTURA HOSPITAL,FL,Acute Care Hospitals,Voluntary non-profit - Private,3,,1.06,
100132,SOUTH FLORIDA BAPTIST HOSPITAL,FL,Acute Care Hospitals,Voluntary non-profit - Private,3,,1.03,
100134,ED FRASER MEMORIAL HOSPITAL,FL,Acute Care Hospitals,Voluntary non-profit - Private,1,,0.9,
100135,TALLAHASSEE MEMORIAL HEALTHCARE,FL,Acute Care Hospitals,Voluntary non-profit - Private,3,,1.04,
100137,ADVENTHEALTH HEART OF FLORIDA,FL,Acute Care Hospitals,Proprietary,3,,0.98,
100140,BAPTIST MEDICAL CENTER - NASSAU,FL,Acute Care Hospitals,Voluntary non-profit - Private,4,,0.88,
100142,JACKSON HOSPITAL,FL,Acute Care Hospitals,Government - Hospital District or Authority,1,,1.05,
100150,LOWER KEYS MEDICAL CENTER,FL,Acute Care Hospitals,Proprietary,4,,0.9,
100151,MAYO CLINIC,FL,Acute Care Hospitals,Voluntary non-profit - Private,5,,1.02,
100154,SOUTH MIAMI HOSPITAL,FL,Acute Care Hospitals,Voluntary non-profit - Private,4,,1.08,
100156,HCA FLORIDA LAKE CITY HOSPITAL,FL,Acute Care Hospitals,Proprietary,3,,1.01,
100157,LAKELAND REGIONAL MEDICAL CENTER,FL,Acute Care Hospitals,Voluntary non-profit - Private,1,,1.0,
100161,CENTRAL FLORIDA LAKE MONROE HOSPITAL,FL,Acute Care Hospitals,Proprietary,2,,1.06,
100166,HCA FLORIDA SARASOTA DOCTORS HOSPITAL,FL,Acute Care Hospitals,Proprietary,4,,1.03,
100167,HCA FLORIDA MERCY HOSPITAL,FL,Acute Care Hospitals,Voluntary non-profit - Private,2,,1.1,
100168,BOCA RATON REGIONAL HOSPITAL,FL,Acute Care Hospitals,Voluntary non-profit - Private,2,,1.05,
100173,ADVENTHEALTH TAMPA,FL,Acute Care Hospitals,Voluntary non-profit - Private,3,,1.04,
100175,DESOTO MEMORIAL HOSPITAL,FL,Acute Care Hospitals,Voluntary non-profit - Private,2,,1.09,
100176,PALM BEACH GARDENS MEDICAL CENTER,FL,Acute Care Hospitals,Proprietary,2,,0.99,
100177,CAPE CANAVERAL HOSPITAL,FL,Acute Care Hospitals,Voluntary non-profit - Private,3,,1.04,
100179,HCA FLORIDA MEMORIAL HOSPITAL,FL,Acute Care Hospitals,Proprietary,2,,1.08,
100180,HCA FLORIDA ST PETERSBURG HOSPITAL,FL,Acute Care Hospitals,Proprietary,2,,1.06,
100181,LARKIN COMMUNITY HOSPITAL,FL,Acute Care Hospitals,Proprietary,1,,1.13,
100183,CORAL GABLES HOSPITAL,FL,Acute Care Hospitals,Proprietary,3,,1.17,
100187,PALMETTO GENERAL HOSPITAL,FL,Acute Care Hospitals,Proprietary,2,,1.08,
100189,HCA FLORIDA NORTHWEST HOSPITAL,FL,Acute Care Hospitals,Proprietary,2,,1.01,
100191,HCA FLORIDA TRINITY HOSPITAL,FL,Acute Care Hospitals,Proprietary,2,,1.01,
100200,BROWARD HEALTH IMPERIAL POINT,FL,Acute Care Hospitals,Government - Hospital District or Authority,3,,1.09,
100204,HCA FLORIDA NORTH FLORIDA HOSPITAL,FL,Acute Care Hospitals,Proprietary,3,,1.0,
100206,HCA FLORIDA SOUTH TAMPA HOSPITAL,FL,Acute Care Hospitals,Proprietary,5,,1.04,
100209,HCA FLORIDA KENDALL HOSPITAL,FL,Acute Care Hospitals,Proprietary,4,,1.06,
100211,ADVENTHEALTH DADE CITY,FL,Acute Care Hospitals,Proprietary,4,,1.02,
100212,MARION COMMUNTIY HOSPITAL,FL,Acute Care Hospitals,Proprietary,1,,1.03,
100213,HCA FLORIDA BLAKE HOSPITAL,FL,Acute Care Hospitals,Proprietary,2,,1.06,
100217,ORLANDO HEALTH SEBASTIAN RIVER HOSPITAL,FL,Acute Care Hospitals,Voluntary non-profit - Private,4,,1.01,
100220,GULF COAST MEDICAL CENTER LEE HEALTH,FL,Acute Care Hospitals,Government - Hospital District or Authority,4,,0.98,
100223,HCA FLORIDA FORT WALTON-DESTIN HOSPITAL,FL,Acute Care Hospitals,Proprietary,3,,1.06,
100224,UNIVERSITY HOSPITAL AND MEDICAL CENTER,FL,Acute Care Hospitals,Proprietary,2,,1.16,
100226,HCA FLORIDA ORANGE PARK HOSPITAL,FL,Acute Care Hospitals,Voluntary non-profit - Other,3,,1.05,
100228,WESTSIDE REGIONAL MEDICAL CENTER,FL,Acute Care Hospitals,Proprietary,2,,1.06,
100230,MEMORIAL HOSPITAL PEMBROKE,FL,Acute Care Hospitals,Government - Hospital District or Authority,4,,0.93,
100231,HCA FLORIDA WEST HOSPITAL,FL,Acute Care Hospitals,Proprietary,3,,1.02,
100232,HCA FLORIDA PUTNAM HOSPITAL,FL,Acute Care Hospitals,Proprietary,2,,1.0,
100236,HCA FLORIDA FAWCETT HOSPITAL,FL,Acute Care Hospitals,Proprietary,1,,0.99,
100238,HCA FLORIDA NORTHSIDE HOSPITAL,FL,Acute Care Hospitals,Proprietary,1,,1.05,
100242,HCA FLORIDA GULF COAST HOSPITAL,FL,Acute Care Hospitals,Proprietary,2,,1.08,
100243,HCA FLORIDA BRANDON HOSPITAL,FL,Acute Care Hospitals,Proprietary,3,,0.99,
100244,CAPE CORAL HOSPITAL,FL,Acute Care Hospitals,Government - Hospital District or Authority,3,,0.98,
100246,HCA FLORIDA LAWNWOOD HOSPITAL,FL,Acute Care Hospitals,Proprietary,1,,1.09,
100248,HCA FLORIDA LARGO HOSPITAL,FL,Acute Care Hospitals,Proprietary,2,,1.07,
100249,TAMPA GENERAL HOSPITAL CRYSTAL RIVER,FL,Acute Care Hospitals,Voluntary non-profit - Private,2,,0.99,
100252,HCA FLORIDA RAULERSON HOSPITAL,FL,Acute Care Hospitals,Proprietary,3,,1.0,
100253,JUPITER MEDICAL CENTER,FL,Acute Care Hospitals,Voluntary non-profit - Private,4,,1.01,
100254,HCA FLORIDA CAPITAL HOSPITAL,FL,Acute Care Hospitals,Proprietary,2,,1.01,
100256,HCA FLORIDA BAYONET POINT HOSPITAL,FL,Acute Care Hospitals,Proprietary,2,,1.05,
100258,DELRAY MEDICAL CENTER,FL,Acute Care Hospitals,Proprietary,1,,1.02,
100259,HCA FLORIDA SOUTH SHORE HOSPITAL,FL,Acute Care Hospitals,Proprietary,2,,0.98,
100260,ST LUCIE MEDICAL CENTER,FL,Acute Care Hospitals,Proprietary,1,,1.0,
100264,HCA FLORIDA OAK HILL HOSPITAL,FL,Acute Care Hospitals,Proprietary,1,,1.03,
100265,MEASE COUNTRYSIDE HOSPITAL,FL,Acute Care Hospitals,Voluntary non-profit - Private,4,,1.01,
100266,GULF BREEZE HOSPITAL,FL,Acute Care Hospitals,Voluntary non-profit - Other,4,,1.05,
100267,HCA FLORIDA ENGLEWOOD HOSPITAL,FL,Acute Care Hospitals,Proprietary,3,,1.01,
100268,WEST BOCA MEDICAL CENTER,FL,Acute Care Hospitals,Proprietary,3,,1.0,
100269,HCA FLORIDA PALMS WEST HOSPITAL,FL,Acute Care Hospitals,Proprietary,2,,0.96,
100275,WELLINGTON REGIONAL MEDICAL CENTER,FL,Acute Care Hospitals,Proprietary,2,,1.0,
100276,BROWARD HEALTH CORAL SPRINGS,FL,Acute Care Hospitals,Government - Hospital District or Authority,4,,1.05,
100281,MEMORIAL HOSPITAL WEST,FL,Acute Care Hospitals,Government - Hospital District or Authority,3,,0.97,
100284,KERALTY HOSPITAL,FL,Acute Care Hospitals,Proprietary,2,,1.39,
100285,MEMORIAL HOSPITAL MIRAMAR,FL,Acute Care Hospitals,Government - Hospital District or Authority,5,,1.0,
100286,PHYSICIANS REGIONAL MEDICAL CENTER - PINE RIDGE,FL,Acute Care Hospitals,Proprietary,2,,1.0,
100287,GOOD SAMARITAN MEDICAL CENTER,FL,Acute Care Hospitals,Proprietary,2,,1.0,
100288,ST MARY'S MEDICAL CENTER,FL,Acute Care Hospitals,Proprietary,1,,1.04,
100289,CLEVELAND CLINIC HOSPITAL,FL,Acute Care Hospitals,Voluntary non-profit - Private,5,,0.93,
100290,"VILLAGES REGIONAL HOSPITAL, THE",FL,Acute Care Hospitals,Voluntary non-profit - Private,4,,1.04,
100291,ORLANDO HEALTH MELBOURNE HOSPITAL,FL,Acute Care Hospitals,Voluntary non-profit - Private,3,,1.04,
100292,SACRED HEART HOSPITAL ON THE EMERALD COAST,FL,Acute Care Hospitals,Voluntary non-profit - Other,3,29,0.94,29
100296,DOCTORS HOSPITAL,FL,Acute Care Hospitals,Voluntary non-profit - Other,5,,0.97,
100299,LAKEWOOD RANCH MEDICAL CENTER,FL,Acute Care Hospitals,Proprietary,4,,1.09,
100302,ORLANDO HEALTH ST CLOUD HOSPITAL,FL,Acute Care Hospitals,Proprietary,2,,0.98,
100307,ASCENSION ST VINCENT'S SOUTHSIDE,FL,Acute Care Hospitals,Voluntary non-profit - Private,4,29,1.11,29
100314,WEST KENDALL BAPTIST HOSPITAL,FL,Acute Care Hospitals,Voluntary non-profit - Private,5,,0.92,
100315,VIERA HOSPITAL,FL,Acute Care Hospitals,Voluntary non-profit - Private,5,,1.02,
100316,PALM BAY HOSPITAL,FL,Acute Care Hospitals,Proprietary,3,,1.04,
100319,ADVENTHEALTH WESLEY CHAPEL,FL,Acute Care Hospitals,Voluntary non-profit - Private,5,,0.95,
100320,HCA FLORIDA POINCIANA HOSPITAL,FL,Acute Care Hospitals,Proprietary,2,,0.91,
100321,ASCENSION ST VINCENT'S CLAY COUNTY,FL,Acute Care Hospitals,Voluntary non-profit - Private,3,29,0.89,29
100329,OVIEDO MEDICAL CENTER,FL,Acute Care Hospitals,Proprietary,3,,0.99,
100350,UCF LAKE NONA HOSPITAL,FL,Acute Care Hospitals,Proprietary,3,,0.9,
100359,SARASOTA MEMORIAL HOSPITAL - VENICE,FL,Acute Care Hospitals,Government - Hospital District or Authority,5,,1.02,
100360,HCA FLORIDA UNIVERSITY HOSPITAL,FL,Acute Care Hospitals,Proprietary,3,,0.99,
100361,ASCENSION ST VINCENT'S ST JOHNS COUNTY,FL,Acute Care Hospitals,Voluntary non-profit - Private,4,29,0.97,29
100363,ADVENTHEALTH PALM COAST PARKWAY,FL,Acute Care Hospitals,Voluntary non-profit - Private,4,,0.88,
110001,HAMILTON MEDICAL CENTER,GA,Acute Care Hospitals,Voluntary non-profit - Private,3,,0.94,
110002,UPSON REGIONAL MEDICAL CENTER,GA,Acute Care Hospitals,Voluntary non-profit - Other,1,,1.02,
110003,Memorial Satilla Health,GA,Acute Care Hospitals,Voluntary non-profit - Private,3,,0.99,
110005,NORTHSIDE HOSPITAL FORSYTH,GA,Acute Care Hospitals,Voluntary non-profit - Private,4,,0.96,
110006,ST MARY'S HOSPITAL,GA,Acute Care Hospitals,Voluntary non-profit - Private,1,,0.99,
110007,PHOEBE PUTNEY MEMORIAL HOSPITAL,GA,Acute Care Hospitals,Government - Hospital District or Authority,2,,0.93,
110008,NORTHSIDE HOSPITAL CHEROKEE,GA,Acute Care Hospitals,Voluntary non-profit - Other,4,,0.94,
110010,EMORY UNIVERSITY HOSPITAL,GA,Acute Care Hospitals,Voluntary non-profit - Private,4,,0.94,
110011,TANNER MEDICAL CENTER - CARROLLTON,GA,Acute Care Hospitals,Government - Hospital District or Authority,2,,1.05,
110015,TANNER MEDICAL CENTER VILLA RICA,GA,Acute Care Hospitals,Government - Hospital District or Authority,3,,1.01,
110016,WELLSTAR WEST GEORGIA MEDICAL CENTER,GA,Acute Care Hospitals,Voluntary non-profit - Private,5,,0.93,
110018,PIEDMONT NEWTON HOSPITAL,GA,Acute Care Hospitals,Voluntary non-profit - Private,3,,0.98,
110023,ADVENTHEALTH GORDON,GA,Acute Care Hospitals,Voluntary non-profit - Church,3,,0.87,
110024,CANDLER HOSPITAL,GA,Acute Care Hospitals,Voluntary non-profit - Private,2,,1.01,
110025,SOUTHEAST GEORGIA HEALTH SYSTEM- BRUNSWICK CAMPUS,GA,Acute Care Hospitals,Government - Hospital District or Authority,2,,0.96,
110027,"TY COBB REGIONAL MEDICAL CENTER, LLC",GA,Acute Care Hospitals,Voluntary non-profit - Private,3,,0.95,
110028,PIEDMONT AUGUSTA HOSPITAL,GA,Acute Care Hospitals,Government - Hospital District or Authority,2,,1.02,
110029,"NORTHEAST GEORGIA MEDICAL CENTER, INC",GA,Acute Care Hospitals,Government - Local,3,,0.96,
110030,PIEDMONT CARTERSVILLE MEDICAL CENTER,GA,Acute Care Hospitals,Voluntary non-profit - Private,3,,0.94,
110031,WELLSTAR SPALDING MEDICAL CENTER,GA,Acute Care Hospitals,Voluntary non-profit - Private,2,,1.0,
110032,STEPHENS COUNTY HOSPITAL,GA,Acute Care Hospitals,Government - Hospital District or Authority,2,,0.89,
110034,"WELLSTAR MCG HEALTH, AFFILIATED WITH MED COL",GA,Acute Care Hospitals,Voluntary non-profit - Private,1,,1.04,
110035,WELLSTAR KENNESTONE REGIONAL MEDICAL CENTER,GA,Acute Care Hospitals,Government - Hospital District or Authority,4,,0.95,
110036,SAVANNAH HEALTH SERVICES LLC DBA MEMORIAL HEALTH UNIVERSITY MEDICAL CENTER,GA,Acute Care Hospitals,Voluntary non-profit - Other,1,,1.05,
110038,ARCHBOLD MEMORIAL HOSPITAL,GA,Acute Care Hospitals,Voluntary non-profit - Private,2,,1.0,
110041,NORTHEAST GEORGIA MEDICAL CENTER HABERSHAM,GA,Acute Care Hospitals,Government - Hospital District or Authority,3,,0.84,
110042,WELLSTAR PAULDING MEDICAL CENTER,GA,Acute Care Hospitals,Voluntary non-profit - Other,4,,0.88,
110043,ST JOSEPH'S HOSPITAL - SAVANNAH,GA,Acute Care Hospitals,Voluntary non-profit - Private,2,,1.05,
110044,PHOEBE SUMTER MEDICAL CENTER,GA,Acute Care Hospitals,Government - Hospital District or Authority,3,,0.88,
110045,"NGMC BARROW, LLC",GA,Acute Care Hospitals,Proprietary,4,,0.85,
110046,PIEDMONT WALTON HOSPITAL,GA,Acute Care Hospitals,Proprietary,4,,0.95,
110050,ADVENTHEALTH MURRAY,GA,Acute Care Hospitals,Voluntary non-profit - Private,5,,0.78,
110051,UNION GENERAL HOSPITAL,GA,Acute Care Hospitals,Government - Local,3,,1.06,
110054,ATRIUM HEALTH FLOYD MEDICAL CENTER,GA,Acute Care Hospitals,Government - Hospital District or Authority,2,,0.99,
110064,PIEDMONT COLUMBUS REGIONAL MIDTOWN,GA,Acute Care Hospitals,Voluntary non-profit - Other,2,,1.08,
110069,EMORY HOUSTON HOSPITAL WARNER ROBINS,GA,Acute Care Hospitals,Voluntary non-profit - Private,2,,0.94,
110074,PIEDMONT ATHENS REGIONAL MEDICAL CENTER,GA,Acute Care Hospitals,Voluntary non-profit - Other,4,,0.95,
110075,EAST GEORGIA REGIONAL MEDICAL CENTER,GA,Acute Care Hospitals,Proprietary,3,,1.04,
110076,EMORY DECATUR HOSPITAL,GA,Acute Care Hospitals,Voluntary non-profit - Private,2,,0.97,
110078,EMORY UNIVERSITY HOSPITAL MIDTOWN,GA,Acute Care Hospitals,Voluntary non-profit - Private,2,,0.95,
110079,GRADY MEMORIAL HOSPITAL,GA,Acute Care Hospitals,Voluntary non-profit - Private,2,,0.98,
110082,"SAINT JOSEPH'S HOSPITAL OF ATLANTA, INC",GA,Acute Care Hospitals,Voluntary non-profit - Private,3,,0.93,
110083,"PIEDMONT HOSPITAL, INC",GA,Acute Care Hospitals,Government - Federal,4,,0.94,
110087,NORTHSIDE HOSPITAL GWINNETT,GA,Acute Care Hospitals,Government - Hospital District or Authority,3,,1.03,
110089,"COFFEE REGIONAL MEDICAL CENTER, INC",GA,Acute Care Hospitals,Government - Hospital District or Authority,3,,0.99,
110091,PIEDMONT ROCKDALE HOSPITAL,GA,Acute Care Hospitals,Proprietary,3,,0.96,
110095,TIFT REGIONAL MEDICAL CENTER,GA,Acute Care Hospitals,Government - Hospital District or Authority,3,,0.93,
110104,CRISP REGIONAL HOSPITAL,GA,Acute Care Hospitals,Proprietary,2,,0.87,
110105,COLQUITT REGIONAL MEDICAL CENTER,GA,Acute Care Hospitals,Government - Hospital District or Authority,4,,0.91,
110107,ATRIUM HEALTH NAVICENT THE MEDICAL CENTER,GA,Acute Care Hospitals,Government - Hospital District or Authority,2,,1.01,
110109,EMANUEL MEDICAL CENTER,GA,Acute Care Hospitals,Government - Hospital District or Authority,4,,0.91,
110122,SGMC HEALTH,GA,Acute Care Hospitals,Government - Hospital District or Authority,2,,0.95,
110124,WAYNE MEMORIAL HOSPITAL,GA,Acute Care Hospitals,Government - Hospital District or Authority,3,,1.1,
110125,FAIRVIEW PARK HOSPITAL,GA,Acute Care Hospitals,Proprietary,4,,0.96,
110128,MEMORIAL HEALTH MEADOWS HOSPITAL,GA,Acute Care Hospitals,Proprietary,5,,0.89,
110129,ST FRANCIS HOSPITAL- EMORY HEALTHCARE,GA,Acute Care Hospitals,Voluntary non-profit - Private,3,,1.0,
110132,MEMORIAL HOSPITAL AND MANOR,GA,Acute Care Hospitals,Government - Hospital District or Authority,1,,0.88,
110143,WELLSTAR COBB MEDICAL CENTER,GA,Acute Care Hospitals,Voluntary non-profit - Other,3,,0.95,
110146,SOUTHEAST GEORGIA HEALTH SYSTEM -- CAMDEN CAMPUS,GA,Acute Care Hospitals,Government - Hospital District or Authority,4,,0.93,
110150,NAVICENT HEALTH BALDWIN,GA,Acute Care Hospitals,Proprietary,2,,0.86,
110161,NORTHSIDE HOSPITAL,GA,Acute Care Hospitals,Voluntary non-profit - Private,3,,0.93,
110164,"COLISEUM MEDICAL CENTERS, LLC, DBA",GA,Acute Care Hospitals,Voluntary non-profit - Private,3,,1.01,
110165,SOUTHERN REGIONAL MEDICAL CENTER,GA,Acute Care Hospitals,Voluntary non-profit - Private,1,,1.05,
110168,ADVENTHEALTH REDMOND,GA,Acute Care Hospitals,Proprietary,4,,0.97,
110177,DOCTORS HOSPITAL,GA,Acute Care Hospitals,Proprietary,3,,0.97,
110184,WELLSTAR DOUGLAS MEDICAL CENTER,GA,Acute Care Hospitals,Voluntary non-profit - Private,3,,0.91,
110191,PIEDMONT HENRY HOSPITAL,GA,Acute Care Hospitals,Government - Hospital District or Authority,2,,0.99,
110192,PIEDMONT EASTSIDE MEDICAL CENTER,GA,Acute Care Hospitals,Proprietary,2,,1.01,
110198,WELLSTAR NORTH FULTON MEDICAL CENTER,GA,Acute Care Hospitals,Proprietary,2,,0.95,
110200,PIEDMONT COLUMBUS REGIONAL NORTHSIDE,GA,Acute Care Hospitals,Proprietary,5,,1.07,
110201,PIEDMONT MACON NORTH HOSPITAL,GA,Acute Care Hospitals,Proprietary,4,,1.0,
110215,PIEDMONT FAYETTE HOSPITAL,GA,Acute Care Hospitals,Voluntary non-profit - Private,3,,0.93,
110225,PIEDMONT MOUNTAINSIDE HOSPITAL INC,GA,Acute Care Hospitals,Voluntary non-profit - Other,4,,0.91,
110226,EMORY HILLANDALE HOSPITAL,GA,Acute Care Hospitals,Government - Hospital District or Authority,1,,0.9,
110229,"PIEDMONT NEWNAN HOSPITAL, INC",GA,Acute Care Hospitals,Voluntary non-profit - Private,4,,0.92,
110230,EMORY JOHNS CREEK HOSPITAL,GA,Acute Care Hospitals,Proprietary,4,,0.9,
110233,"SOUTHEASTERN REGIONAL MEDICAL CENTER, INC",GA,Acute Care Hospitals,Proprietary,5,,1.08,
110236,COMMONSPIRIT-MEMORIAL HOSPITAL-NORTH GEORGIA,GA,Acute Care Hospitals,Voluntary non-profit - Private,3,,1.08,
110237,NORTHEAST GEORGIA MEDICAL CENTER LUMPKIN,GA,Acute Care Hospitals,Voluntary non-profit - Other,5,,0.83,
110252,NORTHSIDE HOSPITAL DULUTH,GA,Acute Care Hospitals,Voluntary non-profit - Private,4,,0.96,
120001,THE QUEENS MEDICAL CENTER,HI,Acute Care Hospitals,Voluntary non-profit - Private,3,,0.93,
120002,MAUI MEMORIAL MEDICAL CENTER,HI,Acute Care Hospitals,Government - State,2,,0.86,
120005,HILO BENIOFF MEDICAL CENTER,HI,Acute Care Hospitals,Government - State,3,,0.89,
120006,ADVENTIST HEALTH CASTLE,HI,Acute Care Hospitals,Voluntary non-profit - Church,4,,0.91,
120007,KUAKINI MEDICAL CENTER,HI,Acute Care Hospitals,Voluntary non-profit - Private,4,,0.94,
120011,KAISER FOUNDATION HOSPITAL,HI,Acute Care Hospitals,Voluntary non-profit - Private,4,,0.82,
120014,WILCOX MEMORIAL HOSPITAL,HI,Acute Care Hospitals,Government - Federal,2,,0.82,
120019,KONA COMMUNITY HOSPITAL,HI,Acute Care Hospitals,Government - State,2,,0.85,
120022,STRAUB CLINIC AND HOSPITAL,HI,Acute Care Hospitals,Proprietary,4,,0.95,
120026,PALI MOMI MEDICAL CENTER,HI,Acute Care Hospitals,Proprietary,4,,0.92,
120028,"NORTH HAWAII COMMUNITY HOSPITAL, INC",HI,Acute Care Hospitals,Voluntary non-profit - Private,3,,0.85,
130002,ST LUKES MAGIC VALLEY MEDICAL CENTER,ID,Acute Care Hospitals,Voluntary non-profit - Private,4,,0.94,
130003,ST JOSEPH REGIONAL MEDICAL CENTER,ID,Acute Care Hospitals,Voluntary non-profit - Private,2,,1.07,
130006,ST LUKE'S REGIONAL MEDICAL CENTER,ID,Acute Care Hospitals,Voluntary non-profit - Private,5,,0.96,
130007,SAINT ALPHONSUS REGIONAL MEDICAL CENTER,ID,Acute Care Hospitals,Voluntary non-profit - Church,3,,1.02,
130013,SAINT ALPHONSUS MEDICAL CENTER - NAMPA,ID,Acute Care Hospitals,Voluntary non-profit - Church,3,,0.98,
130014,WEST VALLEY MEDICAL CENTER,ID,Acute Care Hospitals,Proprietary,5,,0.91,
130018,EASTERN IDAHO REGIONAL MEDICAL CENTER,ID,Acute Care Hospitals,Proprietary,3,,1.0,
130028,PORTNEUF MEDICAL CENTER,ID,Acute Care Hospitals,Proprietary,4,,1.0,
130049,KOOTENAI HEALTH,ID,Acute Care Hospitals,Government - Hospital District or Authority,4,,1.0,
130065,MOUNTAIN VIEW HOSPITAL,ID,Acute Care Hospitals,Physician,3,,0.97,
130071,ST LUKE'S NAMPA MEDICAL CENTER,ID,Acute Care Hospitals,Voluntary non-profit - Private,5,,0.92,
130074,"IDAHO FALLS COMMUNITY HOSPITAL, LLC",ID,Acute Care Hospitals,Proprietary,4,,1.01,
140001,GRAHAM HOSPITAL ASSOCIATION,IL,Acute Care Hospitals,Voluntary non-profit - Private,3,,0.93,
140002,ALTON MEMORIAL HOSPITAL,IL,Acute Care Hospitals,Voluntary non-profit - Private,4,,0.93,
140007,SAINT JOSEPH MEDICAL CENTER,IL,Acute Care Hospitals,Voluntary non-profit - Church,1,29,1.07,29
140008,LOYOLA GOTTLIEB MEMORIAL HOSPITAL,IL,Acute Care Hospitals,Voluntary non-profit - Private,3,,1.01,
140010,NORTHSHORE UNIVERSITY HEALTHSYSTEM - EVANSTON HOSPITAL,IL,Acute Care Hospitals,Voluntary non-profit - Other,5,,0.97,
140011,HERRIN HOSPITAL,IL,Acute Care Hospitals,Voluntary non-profit - Private,1,,1.01,
140012,OSF SAINT KATHARINE MEDICAL CENTER,IL,Acute Care Hospitals,Voluntary non-profit - Private,2,,0.96,
140013,CARLE HEALTH PROCTOR HOSPITAL,IL,Acute Care Hospitals,Voluntary non-profit - Private,3,,0.99,
140015,BLESSING HOSPITAL,IL,Acute Care Hospitals,Voluntary non-profit - Private,4,,1.0,
140018,MT SINAI HOSPITAL MEDICAL CENTER,IL,Acute Care Hospitals,Voluntary non-profit - Private,1,,0.99,
140029,COPLEY MEMORIAL HOSPITAL,IL,Acute Care Hospitals,Voluntary non-profit - Private,4,,0.96,
140030,ADVOCATE SHERMAN HOSPITAL,IL,Acute Care Hospitals,Voluntary non-profit - Private,4,,0.99,
140032,ST ANTHONYS MEMORIAL HOSPITAL,IL,Acute Care Hospitals,Voluntary non-profit - Church,3,,0.94,
140034,SSM HEALTH ST MARY'S HOSPITAL -CENTRALIA,IL,Acute Care Hospitals,Voluntary non-profit - Church,3,,0.92,
140043,CGH MEDICAL CENTER,IL,Acute Care Hospitals,Government - Local,1,,0.96,
140046,GOOD SAMARITAN REGIONAL HLTH CENTER,IL,Acute Care Hospitals,Voluntary non-profit - Private,4,,0.98,
140048,ADVOCATE TRINITY HOSPITAL,IL,Acute Care Hospitals,Voluntary non-profit - Church,2,,0.94,
140049,WEST SUBURBAN MEDICAL CENTER,IL,Acute Care Hospitals,Voluntary non-profit - Other,1,,0.95,
140052,OSF SAINT ANTHONY'S HEALTH CENTER,IL,Acute Care Hospitals,Voluntary non-profit - Church,4,,1.0,
140053,ST JOHNS HOSPITAL,IL,Acute Care Hospitals,Voluntary non-profit - Church,2,,1.05,
140054,MACNEAL  HOSPITAL,IL,Acute Care Hospitals,Proprietary,3,,0.98,
140059,JERSEY COMMUNITY HOSPITAL,IL,Acute Care Hospitals,Government - Local,3,,1.0,
140062,PALOS COMMUNITY HOSPITAL,IL,Acute Care Hospitals,Voluntary non-profit - Private,4,,0.99,
140063,RUSH OAK PARK HOSPITAL,IL,Acute Care Hospitals,Voluntary non-profit - Private,4,,0.9,
140064,ST MARY MEDICAL CENTER,IL,Acute Care Hospitals,Voluntary non-profit - Church,2,,0.96,
140065,UCHICAGO MEDICINE ADVENTHEALTH LA GRANGE,IL,Acute Care Hospitals,Voluntary non-profit - Church,5,,1.07,
140067,SAINT FRANCIS MEDICAL CENTER,IL,Acute Care Hospitals,Voluntary non-profit - Private,2,,0.97,
140068,ROSELAND COMMUNITY HOSPITAL,IL,Acute Care Hospitals,Voluntary non-profit - Private,1,,1.13,
140080,SAINT FRANCIS HOSPITAL-EVANSTON,IL,Acute Care Hospitals,Voluntary non-profit - Church,2,29,1.08,29
140082,LOUIS A WEISS MEMORIAL HOSPITAL,IL,Acute Care Hospitals,Proprietary,1,,1.12,
140084,VISTA MEDICAL CENTER EAST,IL,Acute Care Hospitals,Proprietary,2,,1.0,
140088,THE UNIVERSITY OF CHICAGO MEDICAL CENTER,IL,Acute Care Hospitals,Voluntary non-profit - Private,4,,0.99,
140089,MC DONOUGH DISTRICT HOSPITAL,IL,Acute Care Hospitals,Government - Hospital District or Authority,3,,0.93,
140091,CARLE FOUNDATION HOSPITAL,IL,Acute Care Hospitals,Voluntary non-profit - Private,2,,0.96,
140093,OSF SACRED HEART MEDICAL CENTER,IL,Acute Care Hospitals,Voluntary non-profit - Church,2,,0.93,
140095,SAINT ANTHONY HOSPITAL,IL,Acute Care Hospitals,Voluntary non-profit - Private,2,,1.02,
140100,"MIDWESTERN REGION MED CENTER, INC",IL,Acute Care Hospitals,Proprietary,4,,1.04,
140101,MORRIS HOSPITAL & HEALTHCARE CENTERS,IL,Acute Care Hospitals,Voluntary non-profit - Private,4,,1.04,
140103,ST BERNARD HOSPITAL,IL,Acute Care Hospitals,Voluntary non-profit - Church,1,,1.03,
140110,OSF SAINT ELIZABETH MDL CTR,IL,Acute Care Hospitals,Voluntary non-profit - Private,3,,1.02,
140113,OSF HEART OF MARY MEDICAL CENTER,IL,Acute Care Hospitals,Voluntary non-profit - Church,3,,0.98,
140114,SWEDISH HOSPITAL,IL,Acute Care Hospitals,Voluntary non-profit - Church,3,,1.08,
140116,NORTHWESTERN MEDICINE MCHENRY,IL,Acute Care Hospitals,Voluntary non-profit - Other,5,,1.0,
140117,AMITA HEALTH RESURRECTION MEDICAL CENTER,IL,Acute Care Hospitals,Voluntary non-profit - Church,3,29,1.12,29
140119,RUSH UNIVERSITY MEDICAL CENTER,IL,Acute Care Hospitals,Voluntary non-profit - Private,5,,0.94,
140120,CARLE HEALTH PEKIN HOSPITAL,IL,Acute Care Hospitals,Voluntary non-profit - Private,3,,0.91,
140122,UCHICAGO MEDICINE ADVENTHEALTH HINSDALE,IL,Acute Care Hospitals,Voluntary non-profit - Private,5,,1.02,
140124,JOHN H STROGER JR HOSPITAL,IL,Acute Care Hospitals,Government - Local,2,,0.98,
140125,GATEWAY REGIONAL MEDICAL CENTER,IL,Acute Care Hospitals,Voluntary non-profit - Other,2,,1.0,
140127,CARLE BROMENN MEDICAL CENTER,IL,Acute Care Hospitals,Voluntary non-profit - Church,3,,0.96,
140130,NORTHWESTERN LAKE FOREST HOSPITAL,IL,Acute Care Hospitals,Voluntary non-profit - Other,5,,0.95,
140133,HOLY CROSS HOSPITAL,IL,Acute Care Hospitals,Voluntary non-profit - Private,2,,0.99,
140135,DECATUR MEMORIAL HOSPITAL,IL,Acute Care Hospitals,Voluntary non-profit - Other,3,,1.03,
140137,HSHS HOLY FAMILY HOSPITAL INC,IL,Acute Care Hospitals,Voluntary non-profit - Church,3,,0.92,
140145,ST JOSEPHS HOSPITAL,IL,Acute Care Hospitals,Voluntary non-profit - Church,4,,0.97,
140148,MEMORIAL MEDICAL CENTER,IL,Acute Care Hospitals,Voluntary non-profit - Private,3,,1.03,
140150,UNIVERSITY OF ILLINOIS HOSPITAL AND CLINICS,IL,Acute Care Hospitals,Government - State,4,,1.04,
140155,PRESENCE ST MARYS HOSPITAL,IL,Acute Care Hospitals,Voluntary non-profit - Church,4,29,0.97,29
140158,INSIGHT HOSPITAL AND MEDICAL CENTER CHICAGO,IL,Acute Care Hospitals,Voluntary non-profit - Private,1,,1.07,
140160,FHN MEMORIAL HOSPITAL,IL,Acute Care Hospitals,Voluntary non-profit - Private,3,,1.05,
140161,SAINT JAMES HOSPITAL,IL,Acute Care Hospitals,Voluntary non-profit - Church,4,,0.92,
140162,ST JOSEPH MEDICAL CENTER,IL,Acute Care Hospitals,Voluntary non-profit - Church,2,,0.96,
140164,MEMORIAL HOSPITAL OF CARBONDALE,IL,Acute Care Hospitals,Voluntary non-profit - Private,1,,1.07,
140166,ST MARYS HOSPITAL,IL,Acute Care Hospitals,Voluntary non-profit - Private,1,,1.0,
140172,FRANCISCAN HEALTH OLYMPIA & CHICAGO HEIGHTS,IL,Acute Care Hospitals,Voluntary non-profit - Church,3,,1.03,
140174,PRESENCE MERCY MEDICAL CENTER,IL,Acute Care Hospitals,Voluntary non-profit - Private,3,29,0.93,29
140177,JACKSON PARK HOSPITAL,IL,Acute Care Hospitals,Voluntary non-profit - Private,1,,1.05,
140179,OSF LITTLE COMPANY OF MARY MEDICAL CENTER,IL,Acute Care Hospitals,Voluntary non-profit - Other,2,,0.95,
140180,PRESENCE SAINTS MARY AND ELIZABETH MEDICAL CENTER,IL,Acute Care Hospitals,Voluntary non-profit - Church,3,29,1.03,29
140182,ADVOCATE ILLINOIS MASONIC MEDICAL CENTER,IL,Acute Care Hospitals,Voluntary non-profit - Private,3,,1.01,
140184,HEARTLAND REGIONAL MEDICAL CENTER,IL,Acute Care Hospitals,Proprietary,2,,1.09,
140185,MEMORIAL HOSPITAL,IL,Acute Care Hospitals,Voluntary non-profit - Private,5,,0.96,
140186,RIVERSIDE MEDICAL CENTER,IL,Acute Care Hospitals,Voluntary non-profit - Private,4,,1.09,
140187,HSHS ST ELIZABETH'S HOSPITAL,IL,Acute Care Hospitals,Voluntary non-profit - Church,4,,1.0,
140189,SARAH BUSH LINCOLN HEALTH CENTER,IL,Acute Care Hospitals,Voluntary non-profit - Private,3,,0.93,
140191,INGALLS MEMORIAL HOSPITAL,IL,Acute Care Hospitals,Physician,2,,1.03,
140200,ELMHURST MEMORIAL HOSPITAL,IL,Acute Care Hospitals,Proprietary,3,,0.98,
140202,ADVOCATE CONDELL MEDICAL CENTER,IL,Acute Care Hospitals,Voluntary non-profit - Private,4,,1.0,
140206,HUMBOLDT PARK HEALTH,IL,Acute Care Hospitals,Voluntary non-profit - Private,1,,1.05,
140208,ADVOCATE CHRIST HOSPITAL & MEDICAL CENTER,IL,Acute Care Hospitals,Voluntary non-profit - Church,3,,0.97,
140209,CARLE HEALTH METHODIST HOSPITAL,IL,Acute Care Hospitals,Voluntary non-profit - Private,2,,0.97,
140210,HARRISBURG MEDICAL CENTER,IL,Acute Care Hospitals,Voluntary non-profit - Other,2,,0.79,
140211,NORTHWESTERN MEDICINE DELNOR COMMUNITY HOSPITAL,IL,Acute Care Hospitals,Voluntary non-profit - Private,5,,0.98,
140213,SILVER CROSS HOSPITAL  AND MEDICAL CENTERS,IL,Acute Care Hospitals,Voluntary non-profit - Private,5,,0.97,
140223,ADVOCATE LUTHERAN GENERAL HOSPITAL,IL,Acute Care Hospitals,Voluntary non-profit - Church,4,,1.0,
140228,UW HEALTH,IL,Acute Care Hospitals,Voluntary non-profit - Private,3,,0.99,
140231,EDWARD HOSPITAL,IL,Acute Care Hospitals,Voluntary non-profit - Private,3,,0.96,
140233,SAINT ANTHONY MEDICAL CENTER,IL,Acute Care Hospitals,Voluntary non-profit - Church,2,,1.05,
140239,JAVON BEA HOSPITAL,IL,Acute Care Hospitals,Voluntary non-profit - Private,3,,1.02,
140242,NORTHWESTERN MEDICINE CENTRAL DUPAGE HOSPITAL,IL,Acute Care Hospitals,Voluntary non-profit - Private,5,,1.0,
140251,COMMUNITY FIRST MEDICAL CENTER,IL,Acute Care Hospitals,Proprietary,2,,1.18,
140252,NORTHWEST COMMUNITY HOSPITAL 1,IL,Acute Care Hospitals,Voluntary non-profit - Private,4,,1.0,
140258,ALEXIAN BROTHERS MEDICAL CENTER 1,IL,Acute Care Hospitals,Voluntary non-profit - Private,3,29,1.09,29
140275,GENESIS HLTH SYSTEM DBA GENESIS MDL CTR-ILLINI,IL,Acute Care Hospitals,Government - Local,2,,1.11,
140276,LOYOLA UNIVERSITY MEDICAL CENTER,IL,Acute Care Hospitals,Voluntary non-profit - Private,2,,0.98,
140280,TRINITY ROCK ISLAND,IL,Acute Care Hospitals,Voluntary non-profit - Private,3,,1.03,
140281,NORTHWESTERN MEMORIAL HOSPITAL,IL,Acute Care Hospitals,Voluntary non-profit - Private,5,,0.94,
140286,NORTHWESTERN MEDICINE KISHWAUKEE HOSPITAL,IL,Acute Care Hospitals,Voluntary non-profit - Private,5,,1.0,
140288,ADVOCATE GOOD SAMARITAN HOSPITAL,IL,Acute Care Hospitals,Voluntary non-profit - Private,4,,0.98,
140289,ANDERSON HOSPITAL,IL,Acute Care Hospitals,Voluntary non-profit - Private,3,,1.03,
140290,ST ALEXIUS MEDICAL CENTER,IL,Acute Care Hospitals,Voluntary non-profit - Church,5,29,1.05,29
140291,ADVOCATE GOOD SHEPHERD HOSPITAL,IL,Acute Care Hospitals,Voluntary non-profit - Private,5,,0.91,
140292,UCHICAGO MEDICINE ADVENTHEALTH GLENOAKS,IL,Acute Care Hospitals,Voluntary non-profit - Other,3,,1.08,
140304,UCHICAGO MEDICINE ADVENTHEALTH BOLINGBROOK,IL,Acute Care Hospitals,Voluntary non-profit - Private,3,,1.05,
150001,JOHNSON MEMORIAL HOSPITAL,IN,Acute Care Hospitals,Government - Local,5,,0.96,
150002,METHODIST HOSPITALS INC,IN,Acute Care Hospitals,Voluntary non-profit - Private,1,,1.07,
150005,HENDRICKS REGIONAL HEALTH,IN,Acute Care Hospitals,Government - Local,5,,0.94,
150006,NORTHWEST HEALTH-LA PORTE,IN,Acute Care Hospitals,Voluntary non-profit - Private,3,,1.03,
150007,COMMUNITY HOWARD REGIONAL HEALTH INC.,IN,Acute Care Hospitals,Voluntary non-profit - Private,4,,0.99,
150008,ST CATHERINE HOSPITAL INC,IN,Acute Care Hospitals,Voluntary non-profit - Private,4,,1.1,
150009,NORTON CLARK HOSPITAL,IN,Acute Care Hospitals,Voluntary non-profit - Other,3,,1.09,
150010,ASCENSION ST VINCENT KOKOMO,IN,Acute Care Hospitals,Voluntary non-profit - Church,4,29,0.96,29
150011,MARION GENERAL HOSPITAL,IN,Acute Care Hospitals,Voluntary non-profit - Private,3,,0.98,
150012,SAINT JOSEPH REGIONAL MEDICAL CENTER,IN,Acute Care Hospitals,Voluntary non-profit - Private,2,,0.96,
150015,FRANCISCAN HEALTH MICHIGAN CITY,IN,Acute Care Hospitals,Voluntary non-profit - Church,3,,0.99,
150017,LUTHERAN HOSPITAL OF INDIANA,IN,Acute Care Hospitals,Proprietary,3,,1.07,
150018,ELKHART GENERAL HOSPITAL,IN,Acute Care Hospitals,Government - Local,4,,0.98,
150021,PARKVIEW REGIONAL MEDICAL CENTER,IN,Acute Care Hospitals,Voluntary non-profit - Private,3,,1.0,
150022,FRANCISCAN HEALTH CRAWFORDSVILLE,IN,Acute Care Hospitals,Voluntary non-profit - Church,5,,1.03,
150023,UNION HOSPITAL INC,IN,Acute Care Hospitals,Voluntary non-profit - Private,3,,1.01,
150024,ESKENAZI HEALTH,IN,Acute Care Hospitals,Government - Local,3,,0.98,
150026,GOSHEN HOSPITAL,IN,Acute Care Hospitals,Voluntary non-profit - Private,3,,1.0,
150030,HENRY COUNTY MEMORIAL HOSPITAL,IN,Acute Care Hospitals,Government - Local,4,,1.06,
150034,ST MARY MEDICAL CENTER INC,IN,Acute Care Hospitals,Voluntary non-profit - Private,3,,1.04,
150035,NORTHWEST HEALTH - PORTER,IN,Acute Care Hospitals,Proprietary,2,,1.05,
150037,HANCOCK REGIONAL HOSPITAL,IN,Acute Care Hospitals,Government - Local,4,,1.03,
150042,GOOD SAMARITAN HOSPITAL,IN,Acute Care Hospitals,Voluntary non-profit - Other,2,,1.16,
150044,BAPTIST HEALTH FLOYD,IN,Acute Care Hospitals,Voluntary non-profit - Private,3,,1.13,
150045,PARKVIEW DEKALB HOSPITAL,IN,Acute Care Hospitals,Voluntary non-profit - Private,3,,0.92,
150046,TERRE HAUTE REGIONAL HOSPITAL,IN,Acute Care Hospitals,Proprietary,2,,1.02,
150047,"ST JOSEPH HEALTH SYSTEM, LLC",IN,Acute Care Hospitals,Proprietary,4,,1.16,
150048,REID HEALTH,IN,Acute Care Hospitals,Voluntary non-profit - Private,2,,0.99,
150051,INDIANA UNIVERSITY HEALTH BLOOMINGTON HOSPITAL,IN,Acute Care Hospitals,Voluntary non-profit - Private,3,,1.06,
150056,INDIANA UNIVERSITY HEALTH,IN,Acute Care Hospitals,Voluntary non-profit - Private,3,,1.05,
150057,FRANCISCAN HEALTH MOORESVILLE,IN,Acute Care Hospitals,Voluntary non-profit - Church,5,,0.93,
150058,MEMORIAL HOSPITAL OF SOUTH BEND,IN,Acute Care Hospitals,Voluntary non-profit - Private,2,,0.97,
150059,RIVERVIEW HEALTH,IN,Acute Care Hospitals,Government - Local,4,,1.03,
150061,DAVIESS COMMUNITY HOSPITAL,IN,Acute Care Hospitals,Government - Local,3,,1.07,
150065,SCHNECK MEDICAL CENTER,IN,Acute Care Hospitals,Government - Local,4,,1.02,
150069,NORTON-KING'S DAUGHTERS' HEALTH,IN,Acute Care Hospitals,Voluntary non-profit - Private,2,,1.01,
150072,MEMORIAL HOSPITAL,IN,Acute Care Hospitals,Government - Local,4,,1.15,
150074,COMMUNITY HOSPITAL EAST,IN,Acute Care Hospitals,Voluntary non-profit - Private,3,,1.04,
150075,BLUFFTON REGIONAL MEDICAL CENTER,IN,Acute Care Hospitals,Proprietary,4,,0.95,
150076,SAINT JOSEPH REGIONAL MEDICAL CENTER - PLYMOUTH,IN,Acute Care Hospitals,Voluntary non-profit - Church,4,,0.95,
150082,DEACONESS HOSPITAL INC,IN,Acute Care Hospitals,Voluntary non-profit - Private,2,,1.05,
150084,ASCENSION ST VINCENT HOSPITAL,IN,Acute Care Hospitals,Voluntary non-profit - Church,2,29,1.04,29
150086,ST ELIZABETH DEARBORN HOSPITAL,IN,Acute Care Hospitals,Government - Local,5,,1.04,
150088,ASCENSION ST VINCENT ANDERSON,IN,Acute Care Hospitals,Voluntary non-profit - Private,2,29,0.95,29
150089,INDIANA UNIVERSITY HEALTH BALL MEMORIAL HOSPITAL,IN,Acute Care Hospitals,Voluntary non-profit - Private,3,,1.01,
150090,FRANCISCAN HEALTH DYER,IN,Acute Care Hospitals,Voluntary non-profit - Church,2,,1.07,
150091,PARKVIEW HUNTINGTON HOSPITAL,IN,Acute Care Hospitals,Voluntary non-profit - Private,4,,0.9,
150097,MAJOR HOSPITAL,IN,Acute Care Hospitals,Government - Local,4,,1.01,
150100,ASCENSION ST VINCENT EVANSVILLE,IN,Acute Care Hospitals,Voluntary non-profit - Private,4,29,0.99,29
150101,PARKVIEW WHITLEY HOSPITAL,IN,Acute Care Hospitals,Voluntary non-profit - Private,4,,0.89,
150102,NORTHWEST HEALTH - STARKE,IN,Acute Care Hospitals,Proprietary,1,,1.08,
150104,WITHAM HEALTH SERVICES,IN,Acute Care Hospitals,Government - Local,4,,0.96,
150109,FRANCISCAN HEALTH LAFAYETTE,IN,Acute Care Hospitals,Voluntary non-profit - Church,3,,1.03,
150112,COLUMBUS REGIONAL HOSPITAL,IN,Acute Care Hospitals,Government - Local,4,,0.97,
150113,COMMUNITY HOSPITAL OF ANDERSON AND MADISON COUNTY,IN,Acute Care Hospitals,Voluntary non-profit - Private,3,,1.01,
150115,MEMORIAL HOSPITAL AND HEALTH CARE CENTER,IN,Acute Care Hospitals,Voluntary non-profit - Private,4,,0.99,
150125,COMMUNITY HOSPITAL,IN,Acute Care Hospitals,Voluntary non-profit - Private,3,,1.1,
150126,FRANCISCAN HEALTH CROWN POINT,IN,Acute Care Hospitals,Voluntary non-profit - Church,3,,1.01,
150128,"COMMUNITY HOSPITAL SOUTH, INC.",IN,Acute Care Hospitals,Voluntary non-profit - Private,3,,1.09,
150133,KOSCIUSKO COMMUNITY HOSPITAL,IN,Acute Care Hospitals,Proprietary,4,,0.97,
150146,PARKVIEW NOBLE HOSPITAL,IN,Acute Care Hospitals,Voluntary non-profit - Private,3,,0.9,
150150,DUPONT HOSPITAL LLC,IN,Acute Care Hospitals,Proprietary,4,,1.04,
150153,ST VINCENT HEART CENTER,IN,Acute Care Hospitals,Proprietary,5,29,0.97,29
150157,ASCENSION ST VINCENT CARMEL,IN,Acute Care Hospitals,Voluntary non-profit - Private,3,29,0.97,29
150158,IU HEALTH WEST HOSPITAL,IN,Acute Care Hospitals,Proprietary,4,,0.97,
150161,INDIANA UNIVERSITY HEALTH NORTH HOSPITAL,IN,Acute Care Hospitals,Voluntary non-profit - Private,4,,1.03,
150162,FRANCISCAN HEALTH INDIANAPOLIS,IN,Acute Care Hospitals,Voluntary non-profit - Church,4,,0.99,
150165,FRANCISCAN HEALTH MUNSTER,IN,Acute Care Hospitals,Voluntary non-profit - Private,3,,0.99,
150169,COMMUNITY HOSPITAL NORTH,IN,Acute Care Hospitals,Voluntary non-profit - Private,3,,1.06,
150173,INDIANA UNIVERSITY HEALTH ARNETT HOSPITAL,IN,Acute Care Hospitals,Voluntary non-profit - Private,4,,0.99,
150181,ASCENSION ST VINCENT FISHERS,IN,Acute Care Hospitals,Voluntary non-profit - Private,4,29,1.0,29
150183,MONROE HOSPITAL,IN,Acute Care Hospitals,Proprietary,4,,0.91,
160001,UNITYPOINT HEALTH - MARSHALLTOWN,IA,Acute Care Hospitals,Voluntary non-profit - Private,3,,0.84,
160013,TRINITY MUSCATINE,IA,Acute Care Hospitals,Voluntary non-profit - Private,4,,0.93,
160016,TRINITY REGIONAL MEDICAL CENTER,IA,Acute Care Hospitals,Voluntary non-profit - Private,2,,0.93,
160028,CHI HEALTH MERCY COUNCIL BLUFFS,IA,Acute Care Hospitals,Voluntary non-profit - Private,5,,0.97,
160029,UNIVERSITY OF IOWA HEALTH CARE MEDICAL CENTER DOWN,IA,Acute Care Hospitals,Voluntary non-profit - Church,4,,0.99,
160030,MARY GREELEY MEDICAL CENTER,IA,Acute Care Hospitals,Government - Local,4,,0.95,
160032,MERCYONE NEWTON MEDICAL CENTER,IA,Acute Care Hospitals,Voluntary non-profit - Private,4,,0.99,
160033,GENESIS MEDICAL CENTER-DAVENPORT,IA,Acute Care Hospitals,Voluntary non-profit - Private,2,,0.96,
160045,ST LUKES HOSPITAL,IA,Acute Care Hospitals,Voluntary non-profit - Private,4,,0.95,
160047,METHODIST JENNIE EDMUNDSON,IA,Acute Care Hospitals,Voluntary non-profit - Private,3,,0.95,
160057,SOUTHEAST IOWA REGIONAL MEDICAL CENTER,IA,Acute Care Hospitals,Voluntary non-profit - Private,4,,0.93,
160058,UNIVERSITY OF IOWA HOSPITAL & CLINICS,IA,Acute Care Hospitals,Government - State,2,,1.05,
160064,MERCYONE NORTH IOWA MEDICAL CENTER,IA,Acute Care Hospitals,Voluntary non-profit - Private,2,,0.96,
160067,MERCYONE WATERLOO MEDICAL CENTER,IA,Acute Care Hospitals,Voluntary non-profit - Church,4,,0.89,
160069,MERCYONE DUBUQUE MEDICAL CENTER,IA,Acute Care Hospitals,Voluntary non-profit - Church,3,,0.93,
160079,MERCY MEDICAL CENTER - CEDAR RAPIDS,IA,Acute Care Hospitals,Voluntary non-profit - Church,4,,0.95,
160080,MERCYONE CLINTON MEDICAL CENTER,IA,Acute Care Hospitals,Voluntary non-profit - Private,4,,0.86,
160082,UNITYPOINT HEALTH - DES MOINES IOWA METHODIST MEDI,IA,Acute Care Hospitals,Voluntary non-profit - Private,3,,0.97,
160083,MERCYONE DES MOINES MEDICAL CENTER,IA,Acute Care Hospitals,Voluntary non-profit - Private,1,,1.01,
160089,OTTUMWA REGIONAL HEALTH CENTER,IA,Acute Care Hospitals,Proprietary,2,,1.0,
160101,BROADLAWNS MEDICAL CENTER,IA,Acute Care Hospitals,Government - Local,3,,0.98,
160104,TRINITY - BETTENDORF,IA,Acute Care Hospitals,Voluntary non-profit - Private,3,,0.95,
160110,ALLEN HOSPITAL,IA,Acute Care Hospitals,Voluntary non-profit - Private,3,,0.93,
160112,SPENCER MUNICIPAL HOSPITAL,IA,Acute Care Hospitals,Government - Local,4,,0.9,
160117,FINLEY HOSPITAL,IA,Acute Care Hospitals,Voluntary non-profit - Private,3,,0.9,
160124,LAKES REGIONAL HEALTHCARE,IA,Acute Care Hospitals,Government - Local,2,,0.88,
160146,ST LUKES REGIONAL MEDICAL CENTER,IA,Acute Care Hospitals,Voluntary non-profit - Private,2,,0.95,
160147,GRINNELL REGIONAL MEDICAL CENTER,IA,Acute Care Hospitals,Voluntary non-profit - Private,2,,0.89,
160153,MERCYONE SIOUXLAND MEDICAL CENTER,IA,Acute Care Hospitals,Voluntary non-profit - Private,2,,0.98,
170009,SAINT JOHN HOSPITAL,KS,Acute Care Hospitals,Voluntary non-profit - Other,3,,0.88,
170012,SALINA REGIONAL HEALTH CENTER,KS,Acute Care Hospitals,Voluntary non-profit - Private,3,,1.05,
170013,HAYS MEDICAL CENTER,KS,Acute Care Hospitals,Voluntary non-profit - Other,3,,1.05,
170014,ADVENTHEALTH OTTAWA,KS,Acute Care Hospitals,Government - Local,3,,0.94,
170016,UNIVERSITY OF KANSAS HEALTH SYSTEM - ST FRANCIS CAMPUS,KS,Acute Care Hospitals,Voluntary non-profit - Church,3,,0.98,
170020,HUTCHINSON REGIONAL MEDICAL CENTER INC,KS,Acute Care Hospitals,Voluntary non-profit - Private,2,,0.95,
170023,ST. CATHERINE HOSPITAL - GARDEN CITY,KS,Acute Care Hospitals,Voluntary non-profit - Church,2,,1.03,
170027,PRATT REGIONAL MEDICAL CENTER,KS,Acute Care Hospitals,Proprietary,4,,0.95,
170040,UNIVERSITY OF KANSAS HOSPITAL,KS,Acute Care Hospitals,Government - Hospital District or Authority,5,,0.99,
170049,UNIVERSITY OF KANSAS HEALTH SYSTEM OLATHE HOSPITAL,KS,Acute Care Hospitals,Voluntary non-profit - Private,4,,1.0,
170068,SOUTHWEST MEDICAL CENTER,KS,Acute Care Hospitals,Government - Local,1,,0.92,
170074,"STORMONT VAIL HEALTH FLINT HILLS, LLC",KS,Acute Care Hospitals,Voluntary non-profit - Private,4,,0.82,
170086,STORMONT VAIL HOSPITAL,KS,Acute Care Hospitals,Voluntary non-profit - Private,4,,1.06,
170103,NMC HEALTH,KS,Acute Care Hospitals,Voluntary non-profit - Private,5,,1.01,
170104,ADVENTHEALTH SHAWNEE MISSION,KS,Acute Care Hospitals,Voluntary non-profit - Private,3,,0.99,
170105,MCPHERSON HOSPITAL,KS,Acute Care Hospitals,Voluntary non-profit - Private,2,,0.92,
170120,LABETTE HEALTH,KS,Acute Care Hospitals,Government - Local,3,,0.9,
170122,"ASCENSION VIA CHRISTI HOSPITALS WICHITA, INC.",KS,Acute Care Hospitals,Voluntary non-profit - Private,2,29,0.96,29
170123,WESLEY MEDICAL CENTER,KS,Acute Care Hospitals,Proprietary,4,,1.02,
170137,LMH,KS,Acute Care Hospitals,Government - Local,4,,0.92,
170142,"ASCENSION VIA CHRISTI HOSPITAL MANHATTAN, INC",KS,Acute Care Hospitals,Voluntary non-profit - Private,4,29,0.94,29
170146,PROVIDENCE MEDICAL CENTER,KS,Acute Care Hospitals,Voluntary non-profit - Church,3,,0.97,
170175,CENTURA ST. CATHERINE-DODGE CITY,KS,Acute Care Hospitals,Proprietary,3,,0.95,
170176,OVERLAND PARK REG MED CTR,KS,Acute Care Hospitals,Proprietary,4,,1.03,
170182,MENORAH MEDICAL CENTER,KS,Acute Care Hospitals,Proprietary,3,,1.02,
170185,SAINT LUKE'S SOUTH HOSPITAL,KS,Acute Care Hospitals,Voluntary non-profit - Other,4,,1.06,
170186,KANSAS HEART HOSPITAL,KS,Acute Care Hospitals,Proprietary,4,,1.02,
170191,UNIVERSITY  OF KS HLTH SYSTEM GREAT BEND CAMPUS,KS,Acute Care Hospitals,Government - Hospital District or Authority,4,,0.97,
170197,KANSAS MEDICAL CENTER LLC,KS,Acute Care Hospitals,Proprietary,2,,1.03,
170200,"VIA CHRISTI HOSPITAL WICHITA ST TERESA, INC",KS,Acute Care Hospitals,Voluntary non-profit - Church,4,29,0.99,29
170204,"ROCK REGIONAL HOSPITAL, LLC",KS,Acute Care Hospitals,Proprietary,4,,0.98,
170208,"ADVENTHEALTH SOUTH OVERLAND PARK, INC",KS,Acute Care Hospitals,Voluntary non-profit - Private,4,,0.99,
180001,ST ELIZABETH FT THOMAS,KY,Acute Care Hospitals,Voluntary non-profit - Private,5,,1.09,
180002,WHITESBURG ARH HOSPITAL,KY,Acute Care Hospitals,Voluntary non-profit - Other,3,,0.91,
180004,OWENSBORO HEALTH MUHLENBERG COMMUNITY HOSPITAL,KY,Acute Care Hospitals,Voluntary non-profit - Private,4,,0.92,
180005,HIGHLANDS ARH REGIONAL MEDICAL CENTER,KY,Acute Care Hospitals,Proprietary,2,,1.05,
180009,KING'S DAUGHTERS' MEDICAL CENTER,KY,Acute Care Hospitals,Voluntary non-profit - Private,3,,1.0,
180010,SAINT JOSEPH HOSPITAL,KY,Acute Care Hospitals,Voluntary non-profit - Church,3,,1.0,
180011,SAINT JOSEPH LONDON,KY,Acute Care Hospitals,Voluntary non-profit - Private,3,,0.93,
180012,BAPTIST HEALTH HARDIN,KY,Acute Care Hospitals,Government - Local,3,,1.03,
180013,THE MEDICAL CENTER (BOWLING GREEN),KY,Acute Care Hospitals,Voluntary non-profit - Private,2,,1.06,
180016,UOFL HEALTH - SHELBYVILLE HOSPITAL,KY,Acute Care Hospitals,Voluntary non-profit - Private,3,,0.92,
180017,T J SAMSON COMMUNITY HOSPITAL,KY,Acute Care Hospitals,Voluntary non-profit - Other,3,,1.06,
180018,ST CLAIRE REGIONAL MEDICAL CENTER,KY,Acute Care Hospitals,Government - Federal,2,,0.92,
180019,MEADOWVIEW REGIONAL MEDICAL CENTER,KY,Acute Care Hospitals,Proprietary,4,,1.1,
180020,MIDDLESBORO ARH HOSPITAL,KY,Acute Care Hospitals,Voluntary non-profit - Private,1,,1.09,
180024,SPRING VIEW HOSPITAL,KY,Acute Care Hospitals,Proprietary,5,,0.83,
180025,CHI SAINT JOSEPH FLAGET MEMORIAL HOSPITAL,KY,Acute Care Hospitals,Voluntary non-profit - Private,3,,0.87,
180027,MURRAY-CALLOWAY COUNTY HOSPITAL,KY,Acute Care Hospitals,Voluntary non-profit - Other,3,,1.02,
180029,HAZARD ARH REGIONAL MEDICAL CENTER,KY,Acute Care Hospitals,Voluntary non-profit - Private,2,,1.06,
180035,ST ELIZABETH EDGEWOOD,KY,Acute Care Hospitals,Voluntary non-profit - Church,5,,1.04,
180038,OWENSBORO HEALTH REGIONAL HOSPITAL,KY,Acute Care Hospitals,Voluntary non-profit - Private,2,,0.97,
180040,UOFL HEALTH - JEWISH HOSPITAL and Mary & Elizabeth Hospital,KY,Acute Care Hospitals,Voluntary non-profit - Private,2,,1.01,
180043,AdventHealthManchester,KY,Acute Care Hospitals,Voluntary non-profit - Church,3,,0.97,
180044,PIKEVILLE MEDICAL CENTER,KY,Acute Care Hospitals,Voluntary non-profit - Private,1,,0.95,
180045,ST ELIZABETH FLORENCE,KY,Acute Care Hospitals,Voluntary non-profit - Private,3,,1.03,
180046,BOURBON COMMUNITY HOSPITAL,KY,Acute Care Hospitals,Proprietary,2,,1.22,
180048,EPHRAIM MCDOWELL REGIONAL MEDICAL CENTER,KY,Acute Care Hospitals,Voluntary non-profit - Private,3,,1.07,
180049,BAPTIST HEALTH RICHMOND,KY,Acute Care Hospitals,Voluntary non-profit - Private,4,,1.02,
180050,HARLAN ARH HOSPITAL,KY,Acute Care Hospitals,Voluntary non-profit - Other,2,,0.95,
180051,JENNIE STUART MEDICAL CENTER,KY,Acute Care Hospitals,Voluntary non-profit - Private,1,,1.05,
180056,DEACONESS HENDERSON HOSPITAL,KY,Acute Care Hospitals,Voluntary non-profit - Church,2,,1.03,
180064,SAINT JOSEPH MOUNT STERLING,KY,Acute Care Hospitals,Voluntary non-profit - Private,4,,1.02,
180066,The Medical Center at Russellville,KY,Acute Care Hospitals,Proprietary,2,,0.92,
180067,UNIVERSITY OF KENTUCKY HOSPITAL,KY,Acute Care Hospitals,Government - State,4,,1.02,
180069,TUG VALLEY ARH REGIONAL MEDICAL CENTER,KY,Acute Care Hospitals,Proprietary,2,,0.81,
180070,OWENSBORO HEALTH TWIN LAKES MEDICAL CENTER,KY,Acute Care Hospitals,Voluntary non-profit - Other,3,,1.05,
180078,PAINTSVILLE ARH HOSPITAL,KY,Acute Care Hospitals,Proprietary,2,,0.96,
180079,HARRISON MEMORIAL HOSPITAL,KY,Acute Care Hospitals,Voluntary non-profit - Other,3,,0.95,
180080,BAPTIST HEALTH CORBIN,KY,Acute Care Hospitals,Voluntary non-profit - Private,3,,1.0,
180087,TAYLOR REGIONAL HOSPITAL,KY,Acute Care Hospitals,Government - Hospital District or Authority,2,,1.09,
180088,"NORTON HOSPITALS, INC",KY,Acute Care Hospitals,Voluntary non-profit - Private,2,23,1.0,
180092,CLARK REGIONAL MEDICAL CENTER,KY,Acute Care Hospitals,Proprietary,3,,1.01,
180093,BAPTIST HEALTH DEACONESS MADISONVILLE,KY,Acute Care Hospitals,Voluntary non-profit - Private,2,,1.04,
180101,GEORGETOWN COMMUNITY HOSPITAL,KY,Acute Care Hospitals,Proprietary,3,,0.96,
180102,MERCY HEALTH - LOURDES HOSPITAL,KY,Acute Care Hospitals,Voluntary non-profit - Church,3,,1.03,
180103,BAPTIST HEALTH LEXINGTON,KY,Acute Care Hospitals,Voluntary non-profit - Other,4,,1.09,
180104,BAPTIST HEALTH PADUCAH,KY,Acute Care Hospitals,Voluntary non-profit - Church,4,,1.02,
180105,MONROE COUNTY MEDICAL CENTER,KY,Acute Care Hospitals,Voluntary non-profit - Other,1,,0.92,
180115,"ROCKCASTLE COUNTY HOSPITAL, INC.",KY,Acute Care Hospitals,Voluntary non-profit - Private,2,,1.0,
180116,JACKSON PURCHASE MEDICAL CENTER,KY,Acute Care Hospitals,Government - Hospital District or Authority,1,,1.06,
180124,TRISTAR GREENVIEW REGIONAL HOSPITAL,KY,Acute Care Hospitals,Proprietary,2,,1.08,
180127,FRANKFORT REGIONAL MEDICAL CENTER,KY,Acute Care Hospitals,Proprietary,3,,0.94,
180128,THREE RIVERS MEDICAL CENTER,KY,Acute Care Hospitals,Proprietary,3,,0.88,
180130,BAPTIST HEALTH LOUISVILLE,KY,Acute Care Hospitals,Voluntary non-profit - Private,4,,1.02,
180132,LAKE CUMBERLAND REGIONAL HOSPITAL,KY,Acute Care Hospitals,Proprietary,2,,1.03,
180138,BAPTIST HEALTH LAGRANGE,KY,Acute Care Hospitals,Voluntary non-profit - Private,5,,1.01,
180141,UNIVERSITY OF LOUISVILLE HOSPITAL,KY,Acute Care Hospitals,Voluntary non-profit - Private,1,,1.13,
180143,SAINT JOSEPH EAST,KY,Acute Care Hospitals,Voluntary non-profit - Private,2,,0.94,
180154,"PINEVILLE COMMUNITY HEALTH CENTER, INC",KY,Acute Care Hospitals,Voluntary non-profit - Private,1,,1.33,
190002,OCHSNER LAFAYETTE GENERAL MEDICAL CENTER,LA,Acute Care Hospitals,Voluntary non-profit - Private,3,,1.02,
190004,THIBODAUX REGIONAL MEDICAL CENTER,LA,Acute Care Hospitals,Voluntary non-profit - Private,3,,1.04,
190005,UNIVERSITY MEDICAL CENTER NEW ORLEANS,LA,Acute Care Hospitals,Voluntary non-profit - Private,2,,1.02,
190006,OCHSNER UNIVERSITY HOSPITAL AND CLINICS,LA,Acute Care Hospitals,Voluntary non-profit - Private,3,,1.03,
190007,NATCHITOCHES REGIONAL MEDICAL CENTER,LA,Acute Care Hospitals,Government - Hospital District or Authority,4,,1.11,
190008,TERREBONNE GENERAL MEDICAL CENTER - PARISH,LA,Acute Care Hospitals,Government - Hospital District or Authority,4,,1.04,
190011,OCHSNER LSU HEALTH MONROE,LA,Acute Care Hospitals,Voluntary non-profit - Private,3,,1.12,
190013,WEST CALCASIEU CAMERON HOSPITAL,LA,Acute Care Hospitals,Government - Hospital District or Authority,4,,1.03,
190014,OCHSNER ST MARY,LA,Acute Care Hospitals,Voluntary non-profit - Private,2,,1.16,
190015,NORTH OAKS MEDICAL CENTER,LA,Acute Care Hospitals,Government - Hospital District or Authority,2,,1.15,
190017,OPELOUSAS GENERAL HEALTH SYSTEM,LA,Acute Care Hospitals,Government - Hospital District or Authority,2,,1.03,
190019,CHRISTUS ST FRANCES CABRINI HOSPITAL,LA,Acute Care Hospitals,Voluntary non-profit - Private,3,,1.06,
190020,LANE REGIONAL MEDICAL CENTER,LA,Acute Care Hospitals,Government - Hospital District or Authority,3,,1.1,
190025,SAVOY MEDICAL CENTER,LA,Acute Care Hospitals,Voluntary non-profit - Other,4,,1.25,
190026,RAPIDES REGIONAL MEDICAL CENTER,LA,Acute Care Hospitals,Proprietary,2,,1.07,
190027,CHRISTUS OCHSNER ST PATRICK HOSPITAL,LA,Acute Care Hospitals,Voluntary non-profit - Private,3,,1.05,
190034,ABBEVILLE GENERAL HOSPITAL,LA,Acute Care Hospitals,Government - Hospital District or Authority,3,,1.02,
190036,OCHSNER MEDICAL CENTER ACUTE,LA,Acute Care Hospitals,Voluntary non-profit - Private,4,,0.99,
190039,WEST JEFFERSON MEDICAL CENTER,LA,Acute Care Hospitals,Voluntary non-profit - Private,3,,1.1,
190040,SLIDELL MEMORIAL HOSPITAL,LA,Acute Care Hospitals,Government - Hospital District or Authority,2,,0.98,
190041,CHRISTUS SHREVEPORT-BOSSIER HEALTH SYSTEM,LA,Acute Care Hospitals,Voluntary non-profit - Private,3,,1.06,
190044,ACADIA GENERAL HOSPITAL,LA,Acute Care Hospitals,Voluntary non-profit - Private,3,,1.09,
190045,ST TAMMANY PARISH HOSPITAL,LA,Acute Care Hospitals,Government - Hospital District or Authority,4,,1.01,
190046,TOURO INFIRMARY,LA,Acute Care Hospitals,Voluntary non-profit - Private,3,,0.96,
190050,BEAUREGARD MEMORIAL HOSPITAL,LA,Acute Care Hospitals,Government - Hospital District or Authority,3,,1.23,
190053,OCHSNER AMERICAN LEGION HOSPITAL,LA,Acute Care Hospitals,Voluntary non-profit - Private,2,,1.09,
190054,IBERIA MEDICAL CENTER,LA,Acute Care Hospitals,Voluntary non-profit - Private,2,,0.99,
190060,LAKE CHARLES MEMORIAL HOSPITAL,LA,Acute Care Hospitals,Voluntary non-profit - Private,3,,1.02,
190064,OUR LADY OF THE LAKE REGIONAL MEDICAL CENTER,LA,Acute Care Hospitals,Voluntary non-profit - Church,3,,1.02,
190065,BATON ROUGE GENERAL MEDICAL CENTER,LA,Acute Care Hospitals,Voluntary non-profit - Private,3,,0.98,
190086,NORTHERN LOUISIANA MEDICAL CENTER,LA,Acute Care Hospitals,Proprietary,2,,1.32,
190088,SPRINGHILL MEDICAL CENTER,LA,Acute Care Hospitals,Voluntary non-profit - Private,4,,0.98,
190098,OCHSNER LSU HEALTH SHREVEPORT,LA,Acute Care Hospitals,Voluntary non-profit - Private,2,,1.16,
190099,AVOYELLES HOSPITAL,LA,Acute Care Hospitals,Proprietary,1,,1.22,
190102,"OUR LADY OF LOURDES REGIONAL MEDICAL CENTER, INC",LA,Acute Care Hospitals,Voluntary non-profit - Private,3,,1.04,
190106,OAKDALE COMMUNITY HOSPITAL,LA,Acute Care Hospitals,Proprietary,3,,1.04,
190111,WILLIS KNIGHTON MEDICAL CENTER,LA,Acute Care Hospitals,Voluntary non-profit - Private,3,,1.17,
190114,CLAIBORNE MEMORIAL MEDICAL CENTER,LA,Acute Care Hospitals,Government - Hospital District or Authority,1,,1.02,
190116,MOREHOUSE GENERAL HOSPITAL,LA,Acute Care Hospitals,Government - Hospital District or Authority,2,,1.16,
190118,DESOTO REGIONAL HEALTH SYSTEM,LA,Acute Care Hospitals,Voluntary non-profit - Private,2,,1.02,
190125,FMOL HEALTH ST FRANCIS,LA,Acute Care Hospitals,Voluntary non-profit - Private,3,,1.08,
190128,WOMANS HOSPITAL,LA,Acute Care Hospitals,Voluntary non-profit - Private,4,,1.06,
190144,MINDEN MEDICAL CENTER,LA,Acute Care Hospitals,Proprietary,2,,1.14,
190145,LASALLE GENERAL HOSPITAL,LA,Acute Care Hospitals,Government - Hospital District or Authority,1,,1.1,
190160,GLENWOOD REGIONAL MEDICAL CENTER,LA,Acute Care Hospitals,Proprietary,2,,1.08,
190164,BYRD REGIONAL HOSPITAL,LA,Acute Care Hospitals,Proprietary,2,,1.26,
190167,MERCY REGIONAL MEDICAL CENTER,LA,Acute Care Hospitals,Proprietary,3,,1.18,
190176,EAST JEFFERSON GENERAL HOSPITAL,LA,Acute Care Hospitals,Voluntary non-profit - Private,2,,1.06,
190183,LEONARD J CHABERT MEDICAL CENTER,LA,Acute Care Hospitals,Voluntary non-profit - Other,3,,0.91,
190184,CITIZENS MEDICAL CENTER,LA,Acute Care Hospitals,Government - Hospital District or Authority,3,,0.96,
190202,OCHSNER MEDICAL CENTER - BATON ROUGE,LA,Acute Care Hospitals,Voluntary non-profit - Private,4,,0.99,
190274,OCHSNER MEDICAL CENTER-KENNER,LA,Acute Care Hospitals,Voluntary non-profit - Private,4,,0.94,
190308,ST BERNARD PARISH HOSPITAL,LA,Acute Care Hospitals,Government - Hospital District or Authority,4,,0.81,
190312,OUR LADY OF THE ANGELS HOSPITAL,LA,Acute Care Hospitals,Voluntary non-profit - Private,4,,1.22,
190318,ACADIAN MEDICAL CENTER,LA,Acute Care Hospitals,Proprietary,3,,1.16,
200001,ST JOSEPH HOSPITAL,ME,Acute Care Hospitals,Voluntary non-profit - Church,3,,0.92,
200008,NORTHERN LIGHT MERCY HOSPITAL,ME,Acute Care Hospitals,Voluntary non-profit - Church,4,,1.0,
200009,MAINEHEALTH MAINE MEDICAL CENTER,ME,Acute Care Hospitals,Voluntary non-profit - Private,4,,1.02,
200018,NORTHERN LIGHT  A R GOULD HOSPITAL,ME,Acute Care Hospitals,Voluntary non-profit - Private,2,,0.86,
200020,YORK HOSPITAL,ME,Acute Care Hospitals,Voluntary non-profit - Private,4,,0.95,
200021,MAINEHEALTH MID COAST HOSPITAL,ME,Acute Care Hospitals,Voluntary non-profit - Private,3,,0.9,
200024,CENTRAL MAINE MEDICAL CENTER,ME,Acute Care Hospitals,Voluntary non-profit - Private,4,,1.02,
200031,CARY MEDICAL CENTER,ME,Acute Care Hospitals,Government - Local,1,,0.84,
200033,NORTHERN LIGHT EASTERN MAINE MEDICAL CENTER,ME,Acute Care Hospitals,Voluntary non-profit - Private,5,,0.99,
200034,ST MARY'S REGIONAL MEDICAL CENTER,ME,Acute Care Hospitals,Voluntary non-profit - Church,4,,0.97,
200039,MAINE GENERAL MEDICAL CENTER,ME,Acute Care Hospitals,Voluntary non-profit - Other,4,,0.92,
200050,NORTHERN LIGHT MAINE COAST HOSPITAL,ME,Acute Care Hospitals,Voluntary non-profit - Other,3,,0.87,
200063,MAINEHEALTH PEN BAY HOSPITAL,ME,Acute Care Hospitals,Voluntary non-profit - Private,3,,0.92,
220001,UMASS MEMORIAL HEALTHALLIANCE HOSPITALS,MA,Acute Care Hospitals,Voluntary non-profit - Other,3,,1.04,
220002,MOUNT AUBURN HOSPITAL,MA,Acute Care Hospitals,Voluntary non-profit - Private,4,,0.98,
220008,STURDY MEMORIAL HOSPITAL,MA,Acute Care Hospitals,Voluntary non-profit - Other,3,,0.97,
220010,MERRIMACK HEALTH LAWRENCE HOSPITAL,MA,Acute Care Hospitals,Voluntary non-profit - Private,2,,1.07,
220011,CAMBRIDGE HEALTH ALLIANCE,MA,Acute Care Hospitals,Government - Local,3,,0.99,
220012,CAPE COD HOSPITAL,MA,Acute Care Hospitals,Voluntary non-profit - Private,2,,0.97,
220015,"COOLEY DICKINSON HOSPITAL INC,THE",MA,Acute Care Hospitals,Voluntary non-profit - Private,2,,0.92,
220016,BAYSTATE FRANKLIN MEDICAL CENTER,MA,Acute Care Hospitals,Voluntary non-profit - Private,3,,0.92,
220019,UMASS MEMORIAL HEALTH - HARRINGTON HOSPITAL,MA,Acute Care Hospitals,Voluntary non-profit - Private,3,,0.97,
220020,SAINT ANNE'S HOSPITAL,MA,Acute Care Hospitals,Proprietary,3,,0.98,
220024,HOLYOKE MEDICAL CENTER,MA,Acute Care Hospitals,Voluntary non-profit - Private,4,,0.97,
220029,ANNA JAQUES HOSPITAL,MA,Acute Care Hospitals,Voluntary non-profit - Private,3,,0.97,
220030,BAYSTATE WING HOSPITAL,MA,Acute Care Hospitals,Voluntary non-profit - Other,4,,0.99,
220031,BOSTON MEDICAL CENTER,MA,Acute Care Hospitals,Voluntary non-profit - Private,3,,1.0,
220033,NORTHEAST HOSPITAL CORPORATION,MA,Acute Care Hospitals,Voluntary non-profit - Private,3,,0.98,
220035,NORTH SHORE MEDICAL CENTER -,MA,Acute Care Hospitals,Voluntary non-profit - Private,5,,0.91,
220036,BOSTON MEDICAL CENTER-BRIGHTON,MA,Acute Care Hospitals,Proprietary,3,,1.06,
220046,BERKSHIRE MEDICAL CENTER,MA,Acute Care Hospitals,Voluntary non-profit - Other,4,,1.02,
220049,MARLBOROUGH HOSPITAL,MA,Acute Care Hospitals,Voluntary non-profit - Private,2,,0.97,
220052,SIGNATURE HEALTHCARE BROCKTON HOSPITAL,MA,Acute Care Hospitals,Voluntary non-profit - Other,3,,1.01,
220060,BETH ISRAEL DEACONESS HOSPITAL PLYMOUTH,MA,Acute Care Hospitals,Voluntary non-profit - Private,4,,0.96,
220063,LOWELL GENERAL HOSPITAL,MA,Acute Care Hospitals,Voluntary non-profit - Private,2,,0.98,
220065,BAYSTATE NOBLE HOSPITAL,MA,Acute Care Hospitals,Voluntary non-profit - Private,2,,0.96,
220066,MERCY MEDICAL CTR,MA,Acute Care Hospitals,Voluntary non-profit - Private,2,,1.01,
220070,MELROSEWAKEFIELD HEALTHCARE,MA,Acute Care Hospitals,Voluntary non-profit - Private,3,,1.0,
220071,MASSACHUSETTS GENERAL HOSPITAL,MA,Acute Care Hospitals,Voluntary non-profit - Private,5,,0.98,
220073,BROWN UNIVERSITY HEALTH MORTON HOSPITAL,MA,Acute Care Hospitals,Proprietary,1,,1.01,
220074,SOUTHCOAST HOSPITALS GROUP,MA,Acute Care Hospitals,Voluntary non-profit - Private,4,,1.02,
220077,BAYSTATE MEDICAL CENTER,MA,Acute Care Hospitals,Voluntary non-profit - Private,2,,1.03,
220080,HOLY FAMILY HOSPITAL,MA,Acute Care Hospitals,Proprietary,2,,1.07,
220083,BETH ISRAEL DEACONESS HOSPITAL - NEEDHAM,MA,Acute Care Hospitals,Voluntary non-profit - Private,5,,0.89,
220084,EMERSON HOSPITAL -,MA,Acute Care Hospitals,Voluntary non-profit - Private,5,,1.01,
220086,BETH ISRAEL DEACONESS MEDICAL CENTER,MA,Acute Care Hospitals,Voluntary non-profit - Private,3,,0.98,
220088,NEW ENGLAND BAPTIST HOSPITAL,MA,Acute Care Hospitals,Voluntary non-profit - Private,5,,0.91,
220090,MILFORD REGIONAL MEDICAL CENTER,MA,Acute Care Hospitals,Voluntary non-profit - Other,4,,0.97,
220095,HEYWOOD HOSPITAL -,MA,Acute Care Hospitals,Voluntary non-profit - Private,2,,1.08,
220100,SOUTH SHORE HOSPITAL,MA,Acute Care Hospitals,Voluntary non-profit - Private,2,,0.99,
220101,NEWTON-WELLESLEY HOSPITAL,MA,Acute Care Hospitals,Voluntary non-profit - Private,5,,0.88,
220105,WINCHESTER HOSPITAL,MA,Acute Care Hospitals,Voluntary non-profit - Private,3,,0.93,
220108,BETH ISRAEL DEACONESS HOSPITAL - MILTON,MA,Acute Care Hospitals,Government - Federal,4,,0.92,
220110,BRIGHAM AND WOMEN'S HOSPITAL,MA,Acute Care Hospitals,Voluntary non-profit - Private,5,,1.0,
220111,GOOD SAMARITAN MEDICAL CENTER,MA,Acute Care Hospitals,Proprietary,2,,1.0,
220116,TUFTS MEDICAL CENTER,MA,Acute Care Hospitals,Voluntary non-profit - Private,2,,1.03,
220119,BRIGHAM AND WOMEN FAULKNER HOSPITAL,MA,Acute Care Hospitals,Voluntary non-profit - Private,5,,0.9,
220135,FALMOUTH HOSPITAL,MA,Acute Care Hospitals,Voluntary non-profit - Private,4,,0.99,
220163,UMASS MEMORIAL MEDICAL CENTER/UNIVERSITY CAMPUS,MA,Acute Care Hospitals,Voluntary non-profit - Private,3,,1.02,
220171,"LAHEY HOSPITAL & MEDICAL CENTER, BURLINGTON",MA,Acute Care Hospitals,Voluntary non-profit - Private,4,,0.97,
220175,METROWEST MEDICAL CENTER,MA,Acute Care Hospitals,Voluntary non-profit - Private,1,,1.04,
220176,ST VINCENT HOSPITAL,MA,Acute Care Hospitals,Proprietary,2,,1.0,
220177,NANTUCKET COTTAGE HOSPITAL,MA,Acute Care Hospitals,Voluntary non-profit - Private,3,,0.76,
230002,ST JOE MERCY HOSPITAL SYSTEM LIVONIA,MI,Acute Care Hospitals,Voluntary non-profit - Private,2,,0.96,
230003,COREWELL HEALTH ZEELAND HOSPITAL,MI,Acute Care Hospitals,Voluntary non-profit - Private,5,,0.86,
230005,PROMEDICA CHARLES AND VIRGINIA HICKMAN HOSPITAL,MI,Acute Care Hospitals,Voluntary non-profit - Private,3,,0.91,
230015,THREE RIVERS HEALTH,MI,Acute Care Hospitals,Government - Hospital District or Authority,2,,0.99,
230017,BRONSON METHODIST HOSPITAL,MI,Acute Care Hospitals,Voluntary non-profit - Private,4,,0.95,
230019,"ASCENSION PROVIDENCE HOSPITAL, SOUTHFIELD AND NOVI",MI,Acute Care Hospitals,Voluntary non-profit - Church,4,29,0.95,29
230020,BEAUMONT HOSPITAL - DEARBORN,MI,Acute Care Hospitals,Voluntary non-profit - Private,2,,1.05,
230021,"LAKELAND HOSPITAL, ST JOSEPH",MI,Acute Care Hospitals,Voluntary non-profit - Private,4,,0.93,
230022,INSIGHT HOSPITAL AND MEDICAL CENTER COLDWATER,MI,Acute Care Hospitals,Government - Local,2,,0.91,
230024,SINAI-GRACE HOSPITAL,MI,Acute Care Hospitals,Proprietary,1,,1.03,
230029,TRINITY HEALTH OAKLAND HOSPITAL,MI,Acute Care Hospitals,Voluntary non-profit - Private,2,,0.99,
230030,MYMICHIGAN MEDICAL CENTER ALMA,MI,Acute Care Hospitals,Voluntary non-profit - Private,4,,0.93,
230031,LAKE HURON MEDICAL CENTER,MI,Acute Care Hospitals,Voluntary non-profit - Church,4,,0.88,
230035,SPECTRUM HEALTH UNITED HOSPITAL,MI,Acute Care Hospitals,Voluntary non-profit - Other,4,,0.88,
230036,MYMICHIGAN MEDICAL CENTER ALPENA,MI,Acute Care Hospitals,Proprietary,3,,0.97,
230037,HILLSDALE HOSPITAL,MI,Acute Care Hospitals,Voluntary non-profit - Private,3,,0.87,
230038,SPECTRUM HEALTH,MI,Acute Care Hospitals,Voluntary non-profit - Private,4,,0.96,
230041,MCLAREN BAY REGION,MI,Acute Care Hospitals,Voluntary non-profit - Private,1,,1.01,
230046,UNIVERSITY OF MICHIGAN HEALTH SYSTEM,MI,Acute Care Hospitals,Voluntary non-profit - Private,4,,0.91,
230047,HENRY FORD MACOMB HOSPITAL,MI,Acute Care Hospitals,Voluntary non-profit - Private,3,,0.97,
230053,HENRY FORD HEALTH HOSPITAL,MI,Acute Care Hospitals,Voluntary non-profit - Private,3,,0.96,
230054,UPHS MARQUETTE DLP HOSPITAL,MI,Acute Care Hospitals,Government - Local,3,,1.01,
230055,DICKINSON COUNTY MEMORIAL HOSPITAL,MI,Acute Care Hospitals,Government - Local,2,,0.96,
230058,MUNSON HEALTHCARE GRAYLING HOSPITAL,MI,Acute Care Hospitals,Voluntary non-profit - Church,3,,0.86,
230059,MERCY HEALTH SAINT MARY'S,MI,Acute Care Hospitals,Voluntary non-profit - Church,3,,0.92,
230066,TRINITY HEALTH MUSKEGON HOSPITAL,MI,Acute Care Hospitals,Voluntary non-profit - Private,3,,0.92,
230069,TRINITY HEALTH LIVINGSTON HOSPITAL,MI,Acute Care Hospitals,Voluntary non-profit - Other,4,,0.88,
230070,COVENANT MEDICAL CENTER,MI,Acute Care Hospitals,Voluntary non-profit - Private,2,,1.04,
230072,HOLLAND HOSPITAL,MI,Acute Care Hospitals,Voluntary non-profit - Private,5,,0.87,
230075,BRONSON BATTLE CREEK HOSPITAL,MI,Acute Care Hospitals,Proprietary,3,,0.94,
230077,MYMICHIGAN MEDICAL CENTER SAGINAW,MI,Acute Care Hospitals,Voluntary non-profit - Church,3,29,1.01,29
230080,MCLAREN CENTRAL MICHIGAN,MI,Acute Care Hospitals,Voluntary non-profit - Private,3,,0.85,
230081,MUNSON HEALTHCARE CADILLAC HOSPITAL,MI,Acute Care Hospitals,Voluntary non-profit - Church,4,,0.82,
230089,BEAUMONT HOSPITAL - GROSSE POINTE,MI,Acute Care Hospitals,Voluntary non-profit - Private,4,,0.92,
230092,HENRY FORD ALLEGIANCE HEALTH,MI,Acute Care Hospitals,Voluntary non-profit - Other,3,,0.93,
230093,COREWELL HEALTH BIG RAPIDS HOSPITAL,MI,Acute Care Hospitals,Voluntary non-profit - Private,3,,0.86,
230095,MYMICHIGAN MEDICAL CENTER WEST BRANCH,MI,Acute Care Hospitals,Government - Local,5,,0.94,
230097,MUNSON MEDICAL CENTER,MI,Acute Care Hospitals,Voluntary non-profit - Other,4,,0.91,
230099,PROMEDICA MONROE REGIONAL HOSPITAL,MI,Acute Care Hospitals,Voluntary non-profit - Other,1,,1.02,
230100,TAWAS ST JOSEPH HOSPITAL,MI,Acute Care Hospitals,Government - Hospital District or Authority,3,29,0.91,29
230104,HARPER UNIVERSITY HOSPITAL,MI,Acute Care Hospitals,Proprietary,1,,0.95,
230105,MCLAREN NORTHERN MICHIGAN,MI,Acute Care Hospitals,Voluntary non-profit - Other,3,,0.93,
230108,UP HEALTH SYSTEM PORTAGE,MI,Acute Care Hospitals,Voluntary non-profit - Other,5,,0.77,
230110,COREWELL HEALTH LUDINGTON HOSPITAL,MI,Acute Care Hospitals,Voluntary non-profit - Private,4,,0.83,
230117,BORGESS MEDICAL CENTER,MI,Acute Care Hospitals,Voluntary non-profit - Other,3,29,0.98,29
230121,MEMORIAL HEALTHCARE,MI,Acute Care Hospitals,Voluntary non-profit - Other,3,,0.9,
230130,BEAUMONT HOSPITAL ROYAL OAK,MI,Acute Care Hospitals,Voluntary non-profit - Private,3,,1.0,
230132,HURLEY MEDICAL CENTER,MI,Acute Care Hospitals,Voluntary non-profit - Other,2,,0.96,
230133,MUNSON HEALTHCARE OTSEGO MEMORIAL HOSPITAL,MI,Acute Care Hospitals,Voluntary non-profit - Private,4,,0.9,
230141,MCLAREN FLINT,MI,Acute Care Hospitals,Voluntary non-profit - Private,2,,1.0,
230142,COREWELL HEALTH WAYNE HOSPITAL,MI,Acute Care Hospitals,Voluntary non-profit - Private,2,,1.03,
230146,WYANDOTTE HOSPITAL AND MEDICAL CENTER,MI,Acute Care Hospitals,Voluntary non-profit - Private,2,,1.04,
230151,BEAUMONT HOSPITAL - FARMINGTON HILLS,MI,Acute Care Hospitals,Voluntary non-profit - Private,3,,1.01,
230156,TRINITY HEALTH ANN ARBOR HOSPITAL,MI,Acute Care Hospitals,Voluntary non-profit - Church,4,,0.92,
230165,HENRY FORD HEALTH ST JOHN HOSPITAL,MI,Acute Care Hospitals,Voluntary non-profit - Church,1,29,0.96,29
230167,MCLAREN GREATER LANSING,MI,Acute Care Hospitals,Voluntary non-profit - Private,3,,0.92,
230174,TRINITY HEALTH GRAND HAVEN HOSPITAL,MI,Acute Care Hospitals,Government - Hospital District or Authority,4,,0.84,
230176,COREWELL HEALTH TRENTON HOSPITAL,MI,Acute Care Hospitals,Voluntary non-profit - Private,3,,1.01,
230180,MYMICHIGAN MEDICAL CENTER CLARE,MI,Acute Care Hospitals,Voluntary non-profit - Other,2,,0.87,
230193,MCLAREN LAPEER REGION,MI,Acute Care Hospitals,Voluntary non-profit - Private,2,,0.94,
230195,Henry Ford Health Warren Hospital,MI,Acute Care Hospitals,Voluntary non-profit - Private,1,29,0.99,29
230197,ASCENSION GENESYS HOSPITAL,MI,Acute Care Hospitals,Voluntary non-profit - Church,3,29,0.94,29
230207,MCLAREN OAKLAND,MI,Acute Care Hospitals,Voluntary non-profit - Private,2,,1.04,
230208,UNIVERSITY OF MICHIGAN HEALTH-SPARROW CARSON,MI,Acute Care Hospitals,Voluntary non-profit - Other,4,,0.93,
230216,MCLAREN PORT HURON,MI,Acute Care Hospitals,Voluntary non-profit - Private,2,,0.94,
230217,OAKLAWN HOSPITAL,MI,Acute Care Hospitals,Voluntary non-profit - Other,4,,0.87,
230222,MYMICHIGAN MEDICAL CENTER MIDLAND,MI,Acute Care Hospitals,Voluntary non-profit - Other,4,,0.96,
230227,MCLAREN MACOMB,MI,Acute Care Hospitals,Voluntary non-profit - Private,1,,1.02,
230230,EDWARD W SPARROW HOSPITAL,MI,Acute Care Hospitals,Voluntary non-profit - Other,3,,0.98,
230236,UNIVERSITY OF MICHIGAN HEALTH - WEST,MI,Acute Care Hospitals,Voluntary non-profit - Private,4,,0.95,
230239,CHIPPEWA COUNTY WAR MEMORIAL HOSPITAL,MI,Acute Care Hospitals,Voluntary non-profit - Private,2,,0.86,
230244,GARDEN CITY HOSPITAL,MI,Acute Care Hospitals,Voluntary non-profit - Private,2,,1.04,
230254,ASCENSION PROVIDENCE ROCHESTER HOSPITAL,MI,Acute Care Hospitals,Voluntary non-profit - Private,3,29,1.0,29
230259,CHELSEA HOSPITAL,MI,Acute Care Hospitals,Voluntary non-profit - Private,4,,0.84,
230269,"BEAUMONT HOSPITAL, TROY",MI,Acute Care Hospitals,Voluntary non-profit - Private,4,,0.99,
230270,BEAUMONT HOSPITAL - TAYLOR,MI,Acute Care Hospitals,Voluntary non-profit - Private,2,,1.05,
230273,DETROIT RECEIVING HOSPITAL,MI,Acute Care Hospitals,Proprietary,1,,0.95,
230277,HURON VALLEY-SINAI HOSPITAL,MI,Acute Care Hospitals,Proprietary,3,,0.94,
230297,KARMANOS CANCER CENTER,MI,Acute Care Hospitals,Proprietary,3,,1.07,
230302,HENRY FORD HEALTH WEST BLOOMFIELD HOSPITAL,MI,Acute Care Hospitals,Voluntary non-profit - Private,3,,0.9,
230303,MUNSON HEALTHCARE MANISTEE HOSPITAL,MI,Acute Care Hospitals,Voluntary non-profit - Other,4,,0.77,
240001,NORTH MEMORIAL HEALTH HOSPITAL,MN,Acute Care Hospitals,Voluntary non-profit - Private,1,,0.93,
240002,ESSENTIA HEALTH ST MARY'S MEDICAL CENTER,MN,Acute Care Hospitals,Voluntary non-profit - Private,4,,1.02,
240004,HENNEPIN COUNTY MEDICAL CENTER,MN,Acute Care Hospitals,Government - Local,3,,0.99,
240006,OLMSTED MEDICAL CENTER,MN,Acute Care Hospitals,Voluntary non-profit - Private,4,,0.87,
240010,MAYO CLINIC HOSPITAL ROCHESTER,MN,Acute Care Hospitals,Voluntary non-profit - Church,5,,0.95,
240014,NORTHFIELD HOSPITAL,MN,Acute Care Hospitals,Government - Local,4,,0.84,
240018,MAYO CLINIC HEALTH SYSTEM IN RED WING,MN,Acute Care Hospitals,Voluntary non-profit - Private,4,,0.83,
240020,CAMBRIDGE MEDICAL CENTER,MN,Acute Care Hospitals,Voluntary non-profit - Private,4,,0.81,
240022,SANFORD WORTHINGTON MEDICAL CENTER,MN,Acute Care Hospitals,Voluntary non-profit - Private,4,,0.95,
240030,ALOMERE HEALTH,MN,Acute Care Hospitals,Government - Local,4,,0.9,
240036,CENTRACARE - ST. CLOUD HOSPITAL,MN,Acute Care Hospitals,Voluntary non-profit - Private,4,,0.94,
240038,ALLINA UNITED HOSPITAL,MN,Acute Care Hospitals,Voluntary non-profit - Private,3,,0.94,
240040,RANGE REGIONAL HEALTH SERVICES,MN,Acute Care Hospitals,Voluntary non-profit - Other,4,,0.91,
240043,MAYO CLINIC HEALTH SYSTEM - ALBERT LEA AND AUSTIN,MN,Acute Care Hospitals,Voluntary non-profit - Private,5,,0.9,
240044,WINONA HEALTH SERVICES,MN,Acute Care Hospitals,Voluntary non-profit - Private,2,,0.86,
240047,ST LUKES HOSPITAL,MN,Acute Care Hospitals,Voluntary non-profit - Private,3,,0.99,
240050,FAIRVIEW LAKES HEALTH SERVICES,MN,Acute Care Hospitals,Voluntary non-profit - Private,3,,0.9,
240053,PARK NICOLLET METHODIST HOSPITAL,MN,Acute Care Hospitals,Voluntary non-profit - Private,3,,0.91,
240056,RIDGEVIEW MEDICAL CENTER,MN,Acute Care Hospitals,Voluntary non-profit - Private,4,,0.94,
240057,ABBOTT NORTHWESTERN HOSPITAL,MN,Acute Care Hospitals,Voluntary non-profit - Private,4,,0.95,
240064,GRAND ITASCA CLINIC AND HOSPITAL,MN,Acute Care Hospitals,Voluntary non-profit - Private,4,,0.85,
240066,LAKEVIEW MEMORIAL HOSPITAL,MN,Acute Care Hospitals,Voluntary non-profit - Other,4,,0.91,
240069,OWATONNA HOSPITAL,MN,Acute Care Hospitals,Voluntary non-profit - Other,5,,0.9,
240071,ALLINA HEALTH FARIBAULT MEDICAL CENTER,MN,Acute Care Hospitals,Voluntary non-profit - Private,3,,0.94,
240075,ESSENTIA HEALTH ST JOSEPH'S MEDICAL CENTER,MN,Acute Care Hospitals,Voluntary non-profit - Private,3,,0.83,
240076,BUFFALO HOSPITAL,MN,Acute Care Hospitals,Voluntary non-profit - Other,5,,0.88,
240078,M HEALTH FAIRVIEW SOUTHDALE HOSPITAL,MN,Acute Care Hospitals,Voluntary non-profit - Private,5,,0.92,
240080,M HEALTH FAIRVIEW UNIVERSITY OF MN MEDICAL CENTER,MN,Acute Care Hospitals,Voluntary non-profit - Private,4,,0.98,
240084,ESSENTIA HEALTH VIRGINIA,MN,Acute Care Hospitals,Government - Local,4,,0.93,
240088,CENTRACARE- RICE MEMORIAL HOSPITAL,MN,Acute Care Hospitals,Government - Local,3,,0.85,
240093,MAYO CLINIC HEALTH SYSTEM - MANKATO,MN,Acute Care Hospitals,Voluntary non-profit - Private,5,,0.93,
240100,SANFORD BEMIDJI MEDICAL CENTER,MN,Acute Care Hospitals,Voluntary non-profit - Private,4,,0.91,
240101,ESSENTIA HEALTH ST MARYS - DETROIT LAKES,MN,Acute Care Hospitals,Voluntary non-profit - Church,4,,0.86,
240104,ST FRANCIS REGIONAL MEDICAL CENTER,MN,Acute Care Hospitals,Voluntary non-profit - Church,3,,0.87,
240106,REGIONS HOSPITAL,MN,Acute Care Hospitals,Voluntary non-profit - Private,3,,0.95,
240115,MERCY HOSPITAL,MN,Acute Care Hospitals,Voluntary non-profit - Private,3,,0.9,
240141,FAIRVIEW NORTHLAND REGIONAL HOSPITAL,MN,Acute Care Hospitals,Voluntary non-profit - Other,4,,0.85,
240166,MAYO CLINIC HEALTH SYSTEM - FAIRMONT,MN,Acute Care Hospitals,Voluntary non-profit - Private,5,,0.81,
240187,HUTCHINSON HEALTH,MN,Acute Care Hospitals,Voluntary non-profit - Private,3,,0.9,
240207,M HEALTH FAIRVIEW RIDGES HOSPITAL,MN,Acute Care Hospitals,Voluntary non-profit - Church,4,,0.86,
240210,M HEALTH FAIRVIEW ST JOHN'S HOSPITAL,MN,Acute Care Hospitals,Voluntary non-profit - Private,5,,0.92,
240213,M HEALTH FAIRVIEW WOODWINDS HOSPITAL,MN,Acute Care Hospitals,Voluntary non-profit - Private,4,,0.9,
240214,MAPLE GROVE HOSPITAL,MN,Acute Care Hospitals,Voluntary non-profit - Private,5,,0.84,
250001,UNIVERSITY OF MISSISSIPPI MED CENTER,MS,Acute Care Hospitals,Government - State,2,,1.01,
250002,TISHOMINGO HEALTH SERVICES INC,MS,Acute Care Hospitals,Voluntary non-profit - Private,2,,1.02,
250004,NORTH MISSISSIPPI MEDICAL CENTER,MS,Acute Care Hospitals,Voluntary non-profit - Private,2,,1.04,
250006,BAPTIST MEMORIAL HOSPITAL UNION COUNTY,MS,Acute Care Hospitals,Voluntary non-profit - Other,4,23,0.98,
250007,Memorial Hospital Biloxi,MS,Acute Care Hospitals,Proprietary,1,,1.02,
250009,MAGNOLIA REGIONAL HEALTH CENTER,MS,Acute Care Hospitals,Voluntary non-profit - Other,2,,0.94,
250019,MEMORIAL HOSPITAL AT GULFPORT,MS,Acute Care Hospitals,Government - Local,3,,1.16,
250020,WEBSTER GENERAL HOSPITAL/ SWING BED,MS,Acute Care Hospitals,Voluntary non-profit - Other,4,,0.91,
250025,NORTH MISSISSIPPI MEDICAL CENTER-GILMORE AMORY,MS,Acute Care Hospitals,Proprietary,3,,0.99,
250031,MERIT HEALTH RIVER REGION,MS,Acute Care Hospitals,Proprietary,2,,1.07,
250034,BAPTIST MEMORIAL HOSPITAL NORTH MS,MS,Acute Care Hospitals,Voluntary non-profit - Private,4,,0.97,
250036,GEORGE REGIONAL HEALTH SYSTEM,MS,Acute Care Hospitals,Government - Local,1,,0.95,
250038,MERIT HEALTH MADISON,MS,Acute Care Hospitals,Proprietary,3,,0.95,
250040,SINGING RIVER HEALTH SYSTEM,MS,Acute Care Hospitals,Government - Local,1,,1.01,
250042,NORTHWEST MISSISSISSIPPI REGIONAL MEDICAL CENTER,MS,Acute Care Hospitals,Proprietary,3,,0.94,
250043,NESHOBA COUNTY GENERAL HOSPITAL,MS,Acute Care Hospitals,Government - Local,3,,1.02,
250044,BAPTIST MEMORIAL HOSPITAL BOONEVILLE,MS,Acute Care Hospitals,Voluntary non-profit - Church,3,23,0.93,
250048,ST DOMINIC-JACKSON MEMORIAL HOSPITAL,MS,Acute Care Hospitals,Voluntary non-profit - Church,2,,1.02,
250050,BAPTIST MEMORIAL HOSPITAL-OKTIBBEHA COUNTY,MS,Acute Care Hospitals,Government - Local,2,,1.06,
250057,KING'S DAUGHTERS MEDICAL CENTER-BROOKHAVEN,MS,Acute Care Hospitals,Voluntary non-profit - Other,3,,1.01,
250058,SOUTH CENTRAL REG MED CTR,MS,Acute Care Hospitals,Government - Local,1,,1.0,
250067,CLAY COUNTY MEDICAL CORPORATION,MS,Acute Care Hospitals,Voluntary non-profit - Private,3,,0.9,
250069,OCHSNER RUSH HOSPITAL,MS,Acute Care Hospitals,Voluntary non-profit - Private,3,,1.13,
250072,MERIT HEALTH CENTRAL,MS,Acute Care Hospitals,Proprietary,3,,0.91,
250077,WAYNE GENERAL HOSPITAL,MS,Acute Care Hospitals,Government - Local,3,,0.86,
250078,FORREST GENERAL HOSPITAL,MS,Acute Care Hospitals,Government - Local,2,,1.0,
250082,DELTA HEALTH SYSTEM - THE MEDICAL CENTER,MS,Acute Care Hospitals,Government - Local,1,,1.14,
250084,MERIT HEALTH NATCHEZ,MS,Acute Care Hospitals,Proprietary,2,,1.17,
250085,MARION GENERAL HOSPITAL,MS,Acute Care Hospitals,Government - Local,1,,1.04,
250093,BOLIVAR MEDICAL CENTER,MS,Acute Care Hospitals,Proprietary,1,,0.98,
250094,MERIT HEALTH WESLEY,MS,Acute Care Hospitals,Voluntary non-profit - Private,2,,0.99,
250095,SOUTH SUNFLOWER COUNTY HOSPITAL,MS,Acute Care Hospitals,Government - Local,2,,0.95,
250096,CROSSGATES RIVER OAKS HOSPITAL,MS,Acute Care Hospitals,Proprietary,2,,0.97,
250097,SOUTHWEST MS REGIONAL MEDICAL CENTER,MS,Acute Care Hospitals,Government - Local,2,,1.02,
250099,GREENWOOD LEFLORE HOSPITAL,MS,Acute Care Hospitals,Government - Local,1,,1.01,
250100,BMH-GOLDEN TRIANGLE,MS,Acute Care Hospitals,Voluntary non-profit - Private,3,23,0.97,
250102,MISSISSIPPI BAPTIST MEDICAL CENTER,MS,Acute Care Hospitals,Voluntary non-profit - Private,2,23,1.03,
250104,ANDERSON REGIONAL MEDICAL CENTER,MS,Acute Care Hospitals,Voluntary non-profit - Private,2,,1.05,
250117,HIGHLAND COMMUNITY  HOSPITAL,MS,Acute Care Hospitals,Government - Local,1,,1.11,
250123,SINGING RIVER GULFPORT,MS,Acute Care Hospitals,Proprietary,2,,1.01,
250124,MAGEE GENERAL HOSPITAL,MS,Acute Care Hospitals,Voluntary non-profit - Private,2,,1.1,
250138,MERIT HEALTH RIVER OAKS,MS,Acute Care Hospitals,Proprietary,1,,1.07,
250141,BAPTIST MEMORIAL HOSPITAL DESOTO,MS,Acute Care Hospitals,Proprietary,3,23,1.0,
250162,OCHSNER MEDICAL CENTER-HANCOCK,MS,Acute Care Hospitals,Government - Local,3,,0.87,
250167,METHODIST HEALTHCARE - OLIVE BRANCH HOSPITAL,MS,Acute Care Hospitals,Voluntary non-profit - Private,4,,0.82,
250168,UNIVERSITY OF MISSISSIPPI MEDICAL CENTER- GRENADA,MS,Acute Care Hospitals,Government - State,1,,1.23,
260001,MERCY HOSPITAL JOPLIN,MO,Acute Care Hospitals,Voluntary non-profit - Church,1,,0.98,
260005,SSM ST JOSEPH HEALTH CENTER,MO,Acute Care Hospitals,Voluntary non-profit - Private,3,,1.0,
260006,MOSAIC LIFE CARE AT ST JOSEPH,MO,Acute Care Hospitals,Voluntary non-profit - Private,4,,1.05,
260009,BOTHWELL REGIONAL HEALTH CENTER,MO,Acute Care Hospitals,Government - Local,4,,0.9,
260011,SSM HEALTH ST. MARY'S HOSPITAL - JEFFERSON CITY,MO,Acute Care Hospitals,Proprietary,3,,0.94,
260017,PHELPS COUNTY REGIONAL MEDICAL CENTER,MO,Acute Care Hospitals,Government - Local,2,,0.98,
260020,MERCY HOSPITAL ST LOUIS,MO,Acute Care Hospitals,Voluntary non-profit - Private,4,,1.01,
260022,NORTHEAST REGIONAL MEDICAL CENTER,MO,Acute Care Hospitals,Proprietary,2,,0.98,
260023,MERCY HOSPITAL JEFFERSON,MO,Acute Care Hospitals,Voluntary non-profit - Private,4,,0.96,
260024,TEXAS COUNTY MEMORIAL HOSPITAL,MO,Acute Care Hospitals,Government - Local,2,,0.95,
260025,HANNIBAL REGIONAL HOSPITAL,MO,Acute Care Hospitals,Voluntary non-profit - Other,2,,0.98,
260027,RESEARCH MEDICAL CENTER,MO,Acute Care Hospitals,Proprietary,2,,1.09,
260032,BARNES JEWISH HOSPITAL,MO,Acute Care Hospitals,Voluntary non-profit - Other,4,,1.02,
260034,BATES COUNTY MEMORIAL HOSPITAL,MO,Acute Care Hospitals,Government - Local,3,,0.88,
260040,COX MEDICAL CENTERS,MO,Acute Care Hospitals,Voluntary non-profit - Private,3,,0.97,
260048,TRUMAN MEDICAL CENTER HOSPITAL HILL,MO,Acute Care Hospitals,Voluntary non-profit - Private,3,,0.97,
260052,MERCY HOSPITAL WASHINGTON,MO,Acute Care Hospitals,Voluntary non-profit - Private,4,,0.99,
260057,CAMERON REGIONAL MEDICAL CENTER,MO,Acute Care Hospitals,Voluntary non-profit - Private,1,,0.98,
260059,MERCY HOSPITAL LEBANON,MO,Acute Care Hospitals,Voluntary non-profit - Church,4,,0.84,
260062,SAINT LUKES NORTH HOSPITAL,MO,Acute Care Hospitals,Voluntary non-profit - Private,5,,1.0,
260065,MERCY HOSPITAL SPRINGFIELD,MO,Acute Care Hospitals,Voluntary non-profit - Private,3,,1.01,
260068,BOONE HOSPITAL CENTER,MO,Acute Care Hospitals,Voluntary non-profit - Other,4,,1.0,
260074,MOBERLY REGIONAL MEDICAL CENTER,MO,Acute Care Hospitals,Proprietary,2,,0.94,
260077,MERCY HOSPITAL SOUTH,MO,Acute Care Hospitals,Voluntary non-profit - Private,2,,1.02,
260078,OZARKS HEALTHCARE,MO,Acute Care Hospitals,Voluntary non-profit - Private,2,,0.94,
260081,SSM ST CLARE HEALTH CENTER,MO,Acute Care Hospitals,Voluntary non-profit - Private,4,,0.99,
260085,ST JOSEPH MEDICAL CENTER,MO,Acute Care Hospitals,Proprietary,3,,0.97,
260091,SSM HEALTH ST MARY'S HOSPITAL - ST LOUIS,MO,Acute Care Hospitals,Voluntary non-profit - Private,3,,1.06,
260094,COX MEDICAL CENTER BRANSON,MO,Acute Care Hospitals,Voluntary non-profit - Private,4,,0.91,
260095,CENTERPOINT MEDICAL CENTER,MO,Acute Care Hospitals,Proprietary,3,,1.05,
260096,NKC HEALTH,MO,Acute Care Hospitals,Government - Local,4,,1.03,
260097,WESTERN MISSOURI MEDICAL CENTER,MO,Acute Care Hospitals,Government - Local,4,,0.97,
260102,UNIVERSITY HEALTH LAKEWOOD MEDICAL CENTER,MO,Acute Care Hospitals,Voluntary non-profit - Private,4,,0.88,
260104,SSM HEALTH DEPAUL HOSPITAL ST LOUIS,MO,Acute Care Hospitals,Voluntary non-profit - Church,4,,1.08,
260105,SSM HEALTH SAINT LOUIS UNIVERSITY HOSPITAL,MO,Acute Care Hospitals,Voluntary non-profit - Church,1,,1.06,
260108,MISSOURI BAPTIST MEDICAL CENTER,MO,Acute Care Hospitals,Voluntary non-profit - Private,5,,0.97,
260110,MERCY HOSPITAL SOUTHEAST,MO,Acute Care Hospitals,Voluntary non-profit - Private,2,,1.01,
260113,MISSOURI DELTA MEDICAL CENTER,MO,Acute Care Hospitals,Voluntary non-profit - Private,2,,1.0,
260119,POPLAR BLUFF REGIONAL MEDICAL CENTER,MO,Acute Care Hospitals,Proprietary,2,,1.0,
260137,FREEMAN HEALTH SYSTEM - FREEMAN WEST,MO,Acute Care Hospitals,Voluntary non-profit - Private,2,,0.98,
260138,ST LUKES HOSPITAL OF KANSAS CITY,MO,Acute Care Hospitals,Voluntary non-profit - Private,5,,1.05,
260141,UNIVERSITY OF MISSOURI HEALTH CARE,MO,Acute Care Hospitals,Government - State,3,,1.01,
260142,FITZGIBBON HOSPITAL,MO,Acute Care Hospitals,Voluntary non-profit - Private,2,,0.83,
260160,MERCY HOSPITAL STODDARD,MO,Acute Care Hospitals,Voluntary non-profit - Private,2,,0.94,
260162,BARNES-JEWISH WEST COUNTY HOSPITAL,MO,Acute Care Hospitals,Voluntary non-profit - Private,5,,0.96,
260163,PARKLAND HEALTH CENTER,MO,Acute Care Hospitals,Voluntary non-profit - Private,4,,0.96,
260175,GOLDEN VALLEY MEMORIAL HOSPITAL,MO,Acute Care Hospitals,Government - Hospital District or Authority,3,,0.9,
260177,LIBERTY HOSPITAL,MO,Acute Care Hospitals,Voluntary non-profit - Private,2,,1.05,
260179,ST LUKES HOSPITAL,MO,Acute Care Hospitals,Voluntary non-profit - Private,4,,1.01,
260180,CHRISTIAN HOSPITAL NORTHEAST,MO,Acute Care Hospitals,Voluntary non-profit - Private,4,,0.98,
260183,SAINT FRANCIS MEDICAL CENTER,MO,Acute Care Hospitals,Voluntary non-profit - Private,3,,1.01,
260186,LAKE REGIONAL HEALTH SYSTEM,MO,Acute Care Hospitals,Voluntary non-profit - Other,3,,0.98,
260190,LEE'S SUMMIT MEDICAL CENTER,MO,Acute Care Hospitals,Proprietary,3,,0.96,
260191,BARNES-JEWISH ST PETERS HOSPITAL,MO,Acute Care Hospitals,Voluntary non-profit - Other,3,,1.02,
260193,ST MARY'S MEDICAL CENTER,MO,Acute Care Hospitals,Proprietary,3,,0.96,
260195,CITIZENS MEMORIAL HOSPITAL,MO,Acute Care Hospitals,Government - Hospital District or Authority,3,,0.91,
260200,SSM ST JOSEPH HOSPITAL WEST,MO,Acute Care Hospitals,Voluntary non-profit - Church,3,,1.02,
260214,BELTON REGIONAL MEDICAL CENTER,MO,Acute Care Hospitals,Voluntary non-profit - Private,2,,0.99,
260216,SAINT LUKE'S EAST  HOSPITAL,MO,Acute Care Hospitals,Voluntary non-profit - Private,4,,1.03,
260219,PROGRESS WEST HOSPITAL,MO,Acute Care Hospitals,Voluntary non-profit - Private,4,,0.95,
270003,ST PETERS HEALTH,MT,Acute Care Hospitals,Voluntary non-profit - Private,3,,0.89,
270004,BILLINGS CLINIC HOSPITAL,MT,Acute Care Hospitals,Voluntary non-profit - Private,4,,1.03,
270012,BENEFIS HOSPITALS INC,MT,Acute Care Hospitals,Voluntary non-profit - Private,2,,0.94,
270014,ST. PATRICK HOSPITAL,MT,Acute Care Hospitals,Voluntary non-profit - Church,5,,0.92,
270017,ST JAMES HOSPITAL,MT,Acute Care Hospitals,Voluntary non-profit - Private,2,,0.9,
270023,COMMUNITY MEDICAL CENTER,MT,Acute Care Hospitals,Voluntary non-profit - Private,3,,0.97,
270049,INTERMOUNTAIN HEALTH ST VINCENT REGIONAL HOSPITAL,MT,Acute Care Hospitals,Voluntary non-profit - Church,4,,1.01,
270051,LOGAN HEALTH MEDICAL CENTER,MT,Acute Care Hospitals,Voluntary non-profit - Private,3,,0.95,
270057,BOZEMAN HEALTH DEACONESS HOSPITAL,MT,Acute Care Hospitals,Voluntary non-profit - Private,4,,0.9,
270086,GREAT FALLS CLINIC HOSPITAL,MT,Acute Care Hospitals,Proprietary,2,,0.88,
280003,BRYAN MEDICAL CENTER,NE,Acute Care Hospitals,Voluntary non-profit - Private,3,,1.01,
280009,CHI HEALTH GOOD SAMARITAN,NE,Acute Care Hospitals,Voluntary non-profit - Church,4,,1.03,
280013,THE NEBRASKA MEDICAL CENTER,NE,Acute Care Hospitals,Voluntary non-profit - Private,4,,1.01,
280020,CHI HEALTH ST. ELIZABETH,NE,Acute Care Hospitals,Voluntary non-profit - Private,4,,1.03,
280023,CHI HEALTH ST. FRANCIS,NE,Acute Care Hospitals,Voluntary non-profit - Church,4,,1.03,
280032,MARY LANNING HEALTHCARE,NE,Acute Care Hospitals,Voluntary non-profit - Other,2,,0.91,
280040,THE NEBRASKA METHODIST HOSPITAL,NE,Acute Care Hospitals,Voluntary non-profit - Private,4,,0.98,
280060,CHI HEALTH BERGAN MERCY,NE,Acute Care Hospitals,Voluntary non-profit - Private,4,,1.02,
280061,REGIONAL WEST MEDICAL CENTER,NE,Acute Care Hospitals,Voluntary non-profit - Private,2,,1.03,
280065,GREAT PLAINS HEALTH,NE,Acute Care Hospitals,Voluntary non-profit - Private,3,,0.97,
280077,METHODIST FREMONT HEALTH,NE,Acute Care Hospitals,Voluntary non-profit - Private,2,,0.95,
280081,CHI HEALTH IMMANUEL,NE,Acute Care Hospitals,Voluntary non-profit - Private,3,,1.03,
280105,CHI HEALTH MIDLANDS,NE,Acute Care Hospitals,Voluntary non-profit - Church,4,,0.83,
280111,"COLUMBUS COMMUNITY HOSPITAL, INC",NE,Acute Care Hospitals,Voluntary non-profit - Other,3,,1.0,
280125,FAITH HEALTH,NE,Acute Care Hospitals,Voluntary non-profit - Church,3,,0.98,
280128,CHI HEALTH NEBRASKA HEART,NE,Acute Care Hospitals,Voluntary non-profit - Private,4,,1.0,
280130,CHI HEALTH LAKESIDE,NE,Acute Care Hospitals,Voluntary non-profit - Church,4,,0.96,
280132,BELLEVUE MEDICAL CENTER,NE,Acute Care Hospitals,Proprietary,4,,0.92,
280134,KEARNEY REGIONAL MEDICAL CENTER,NE,Acute Care Hospitals,Proprietary,4,,1.03,
280139,GRAND ISLAND REGIONAL MEDICAL CENTER,NE,Acute Care Hospitals,Voluntary non-profit - Private,2,,0.93,
290001,RENOWN REGIONAL MEDICAL CENTER,NV,Acute Care Hospitals,Voluntary non-profit - Private,3,,1.03,
290003,SUNRISE HOSPITAL AND MEDICAL CENTER,NV,Acute Care Hospitals,Proprietary,2,,1.18,
290005,NORTH VISTA HOSPITAL,NV,Acute Care Hospitals,Voluntary non-profit - Private,3,,1.14,
290007,UNIVERSITY MEDICAL CENTER,NV,Acute Care Hospitals,Voluntary non-profit - Other,2,,1.08,
290008,NORTHEASTERN NEVADA REGIONAL HOSPITAL,NV,Acute Care Hospitals,Proprietary,3,,0.87,
290009,SAINT MARY'S REGIONAL MEDICAL CENTER,NV,Acute Care Hospitals,Proprietary,4,,0.89,
290019,CARSON TAHOE REGIONAL MEDICAL CENTER,NV,Acute Care Hospitals,Voluntary non-profit - Private,2,,0.95,
290021,VALLEY HOSPITAL MEDICAL CENTER,NV,Acute Care Hospitals,Proprietary,2,,1.13,
290032,NORTHERN NEVADA MEDICAL CENTER,NV,Acute Care Hospitals,Voluntary non-profit - Private,3,,0.93,
290039,MOUNTAINVIEW HOSPITAL,NV,Acute Care Hospitals,Proprietary,4,,1.08,
290041,SUMMERLIN HOSPITAL MEDICAL CENTER,NV,Acute Care Hospitals,Proprietary,3,,1.1,
290045,SAINT ROSE DOMINICAN HOSPITALS - SIENA CAMPUS,NV,Acute Care Hospitals,Voluntary non-profit - Private,3,,1.17,
290046,SPRING VALLEY HOSPITAL MEDICAL CENTER,NV,Acute Care Hospitals,Proprietary,3,,1.07,
290047,SOUTHERN HILLS HOSPITAL AND MEDICAL CENTER,NV,Acute Care Hospitals,Proprietary,4,,1.09,
290049,RENOWN SOUTH MEADOWS MEDICAL CENTER,NV,Acute Care Hospitals,Voluntary non-profit - Private,3,,0.95,
290053,SAINT ROSE DOMINICAN HOSPITALS - SAN MARTIN CAMPUS,NV,Acute Care Hospitals,Voluntary non-profit - Private,4,,1.12,
290054,CENTENNIAL HILLS HOSPITAL MEDICAL CENTER,NV,Acute Care Hospitals,Proprietary,2,,1.08,
290057,HENDERSON HOSPITAL,NV,Acute Care Hospitals,Proprietary,2,,1.05,
300001,CONCORD HOSPITAL,NH,Acute Care Hospitals,Voluntary non-profit - Private,3,,1.0,
300003,MARY HITCHCOCK MEMORIAL HOSPITAL,NH,Acute Care Hospitals,Voluntary non-profit - Private,3,,1.02,
300005,CONCORD HOSPITAL- LACONIA,NH,Acute Care Hospitals,Voluntary non-profit - Private,3,,0.97,
300011,ST JOSEPH HOSPITAL,NH,Acute Care Hospitals,Voluntary non-profit - Other,4,,1.02,
300012,ELLIOT HOSPITAL,NH,Acute Care Hospitals,Voluntary non-profit - Private,2,,1.01,
300014,FRISBIE MEMORIAL HOSPITAL,NH,Acute Care Hospitals,Proprietary,3,,0.86,
300017,PARKLAND MEDICAL CENTER,NH,Acute Care Hospitals,Proprietary,4,,0.94,
300018,WENTWORTH-DOUGLASS HOSPITAL,NH,Acute Care Hospitals,Voluntary non-profit - Private,4,,0.94,
300019,CHESHIRE MEDICAL CENTER,NH,Acute Care Hospitals,Voluntary non-profit - Private,4,,0.97,
300020,SOUTHERN NH MEDICAL CENTER,NH,Acute Care Hospitals,Voluntary non-profit - Private,2,,0.98,
300023,EXETER HOSPITAL INC,NH,Acute Care Hospitals,Voluntary non-profit - Private,4,,0.97,
300029,PORTSMOUTH REGIONAL HOSPITAL,NH,Acute Care Hospitals,Proprietary,3,,1.02,
300034,CATHOLIC MEDICAL CENTER,NH,Acute Care Hospitals,Voluntary non-profit - Private,4,,0.97,
310001,HACKENSACK UNIVERSITY MEDICAL CENTER,NJ,Acute Care Hospitals,Voluntary non-profit - Private,5,,1.09,
310002,NEWARK BETH ISRAEL MEDICAL CENTER,NJ,Acute Care Hospitals,Voluntary non-profit - Private,2,,1.11,
310003,PALISADES MEDICAL CENTER,NJ,Acute Care Hospitals,Voluntary non-profit - Private,2,,1.03,
310005,HUNTERDON MEDICAL CENTER,NJ,Acute Care Hospitals,Voluntary non-profit - Private,4,,0.98,
310006,ST MARY'S GENERAL HOSPITAL,NJ,Acute Care Hospitals,Proprietary,3,,1.05,
310008,HOLY NAME MEDICAL CENTER,NJ,Acute Care Hospitals,Voluntary non-profit - Private,5,,1.06,
310009,CLARA MAASS MEDICAL CENTER,NJ,Acute Care Hospitals,Voluntary non-profit - Private,3,,1.14,
310010,UNIVERSITY MEDICAL CENTER OF PRINCETON AT PLAINSBORO,NJ,Acute Care Hospitals,Voluntary non-profit - Private,4,,1.0,
310011,CAPE REGIONAL MEDICAL CENTER INC,NJ,Acute Care Hospitals,Voluntary non-profit - Private,3,,1.03,
310012,VALLEY HOSPITAL,NJ,Acute Care Hospitals,Voluntary non-profit - Private,4,,1.03,
310014,COOPER UNIVERSITY HOSPITAL,NJ,Acute Care Hospitals,Voluntary non-profit - Private,2,,1.03,
310015,MORRISTOWN MEDICAL CENTER,NJ,Acute Care Hospitals,Voluntary non-profit - Private,5,,1.04,
310016,HEIGHTS UNIVERSITY HOSPITAL,NJ,Acute Care Hospitals,Voluntary non-profit - Church,2,,1.2,
310017,CHILTON MEDICAL CENTER,NJ,Acute Care Hospitals,Voluntary non-profit - Private,5,,1.14,
310019,ST JOSEPH'S UNIVERSITY MEDICAL CENTER INC,NJ,Acute Care Hospitals,Voluntary non-profit - Church,3,,1.1,
310022,WEST JERSEY HOSPITAL,NJ,Acute Care Hospitals,Voluntary non-profit - Private,3,,1.03,
310024,ROBERT WOOD JOHNSON UNIVERSITY HOSPITAL AT RAHWAY,NJ,Acute Care Hospitals,Voluntary non-profit - Private,4,,1.07,
310025,CAREPOINT HEALTH - BAYONNE MEDICAL CENTER,NJ,Acute Care Hospitals,Voluntary non-profit - Private,1,,1.18,
310027,TRINITAS REGIONAL MEDICAL CENTER,NJ,Acute Care Hospitals,Voluntary non-profit - Private,3,,1.11,
310028,NEWTON MEDICAL CENTER,NJ,Acute Care Hospitals,Voluntary non-profit - Private,4,,1.04,
310029,VIRTUA OUR LADY OF LOURDES HOSPITAL,NJ,Acute Care Hospitals,Government - State,2,,1.09,
310031,DEBORAH HEART AND LUNG CENTER,NJ,Acute Care Hospitals,Voluntary non-profit - Private,3,,1.03,
310032,INSPIRA MEDICAL CENTER VINELAND,NJ,Acute Care Hospitals,Voluntary non-profit - Private,3,,1.05,
310034,RIVERVIEW MEDICAL CENTER,NJ,Acute Care Hospitals,Voluntary non-profit - Private,3,,1.07,
310038,ROBERT WOOD JOHNSON UNIVERSITY HOSPITAL,NJ,Acute Care Hospitals,Voluntary non-profit - Private,2,,1.07,
310039,RARITAN BAY MEDICAL CENTER,NJ,Acute Care Hospitals,Voluntary non-profit - Private,4,,1.11,
310040,CAREPOINT HEALTH-HOBOKEN UNIVERSITY MEDICAL CENTER,NJ,Acute Care Hospitals,Voluntary non-profit - Church,1,,1.17,
310041,COMMUNITY MEDICAL CENTER,NJ,Acute Care Hospitals,Voluntary non-profit - Private,1,,1.13,
310044,CAPITAL HEALTH MEDICAL CENTER - HOPEWELL,NJ,Acute Care Hospitals,Voluntary non-profit - Private,2,,1.07,
310045,ENGLEWOOD HOSPITAL AND MEDICAL CENTER,NJ,Acute Care Hospitals,Voluntary non-profit - Private,4,,1.05,
310047,SHORE MEDICAL CENTER,NJ,Acute Care Hospitals,Voluntary non-profit - Private,3,,0.99,
310048,ROBERT WOOD JOHNSON UNIVERSITY HOSPITAL - SOMERSET,NJ,Acute Care Hospitals,Voluntary non-profit - Private,3,,1.02,
310050,SAINT CLARE'S HOSPITAL/ DENVILLE CAMPUS,NJ,Acute Care Hospitals,Proprietary,2,,1.03,
310051,OVERLOOK MEDICAL CENTER,NJ,Acute Care Hospitals,Voluntary non-profit - Private,5,,1.04,
310052,OCEAN MEDICAL CENTER,NJ,Acute Care Hospitals,Voluntary non-profit - Other,4,,1.11,
310054,HACKENSACK MERIDIAN MOUNTAINSIDE MEDICAL,NJ,Acute Care Hospitals,Proprietary,4,,1.08,
310057,VIRTUA MOUNT HOLLY HOSPITAL,NJ,Acute Care Hospitals,Voluntary non-profit - Private,3,,1.1,
310060,ST LUKE'S WARREN HOSPITAL,NJ,Acute Care Hospitals,Voluntary non-profit - Private,5,,0.97,
310061,VIRTUA WILLINGBORO HOSPITAL,NJ,Acute Care Hospitals,Voluntary non-profit - Private,3,,1.07,
310064,ATLANTICARE REGIONAL MEDICAL CENTER - CITY CAMPUS,NJ,Acute Care Hospitals,Voluntary non-profit - Private,4,,1.06,
310069,INSPIRA MEDICAL CENTER MULLICA HILL,NJ,Acute Care Hospitals,Voluntary non-profit - Private,3,,1.02,
310070,SAINT PETER'S UNIVERSITY HOSPITAL,NJ,Acute Care Hospitals,Voluntary non-profit - Private,3,,1.09,
310073,JERSEY SHORE UNIVERSITY MEDICAL CENTER,NJ,Acute Care Hospitals,Voluntary non-profit - Private,4,,1.07,
310074,JERSEY CITY MEDICAL CENTER,NJ,Acute Care Hospitals,Voluntary non-profit - Private,3,,1.06,
310075,MONMOUTH MEDICAL CENTER,NJ,Acute Care Hospitals,Voluntary non-profit - Private,3,,1.08,
310076,COOPERMAN BARNABAS MEDICAL CENTER,NJ,Acute Care Hospitals,Voluntary non-profit - Private,3,,1.05,
310083,CAREWELL HEALTH MEDICAL CENTER,NJ,Acute Care Hospitals,Proprietary,1,,1.29,
310084,MONMOUTH MEDICAL CENTER-SOUTHERN CAMPUS,NJ,Acute Care Hospitals,Voluntary non-profit - Private,3,,1.15,
310086,JEFFERSON STRATFORD HOSPITAL,NJ,Acute Care Hospitals,Voluntary non-profit - Private,2,,1.03,
310092,CAPITAL HEALTH REGIONAL MEDICAL CENTER,NJ,Acute Care Hospitals,Voluntary non-profit - Private,2,,1.2,
310096,SAINT MICHAEL'S MEDICAL CENTER,NJ,Acute Care Hospitals,Voluntary non-profit - Private,4,,0.96,
310108,JFK UNIVERSITY MEDICAL CENTER,NJ,Acute Care Hospitals,Voluntary non-profit - Private,3,,1.08,
310110,ROBERT WOOD JOHNSON UNIVERSITY HOSPITAL AT HAMILTON,NJ,Acute Care Hospitals,Voluntary non-profit - Private,4,,1.06,
310111,CENTRASTATE MEDICAL CENTER,NJ,Acute Care Hospitals,Voluntary non-profit - Private,4,,1.07,
310112,BAYSHORE MEDICAL CENTER,NJ,Acute Care Hospitals,Voluntary non-profit - Private,4,,1.07,
310113,SOUTHERN OCEAN MEDICAL CENTER,NJ,Acute Care Hospitals,Voluntary non-profit - Private,4,,1.05,
310115,AHS HOSPITAL CORP,NJ,Acute Care Hospitals,Voluntary non-profit - Private,4,,1.09,
310118,HUDSON REGIONAL HOSPITAL,NJ,Acute Care Hospitals,Proprietary,2,,1.11,
310119,THE UNIVERSITY HOSPITAL,NJ,Acute Care Hospitals,Government - State,1,,1.11,
310130,HACKENSACK MERIDIAN HEALTH PASCACK VALLEY MEDICAL,NJ,Acute Care Hospitals,Proprietary,5,,1.04,
320001,UNM HOSPITAL,NM,Acute Care Hospitals,Government - State,2,,1.0,
320002,CHRISTUS ST VINCENT REGIONAL MEDICAL CENTER,NM,Acute Care Hospitals,Voluntary non-profit - Private,4,,0.93,
320004,CHRISTUS SOUTHERN NEW MEXICO,NM,Acute Care Hospitals,Voluntary non-profit - Private,3,,0.95,
320005,SAN JUAN REGIONAL MEDICAL CENTER INC,NM,Acute Care Hospitals,Voluntary non-profit - Private,2,,0.98,
320006,EASTERN NEW MEXICO MEDICAL CENTER,NM,Acute Care Hospitals,Proprietary,1,,0.94,
320009,LOVELACE MEDICAL CENTER,NM,Acute Care Hospitals,Proprietary,2,,1.0,
320017,LOVELACE WOMEN'S HOSPITAL,NM,Acute Care Hospitals,Proprietary,4,,0.99,
320018,MEMORIAL MEDICAL CENTER,NM,Acute Care Hospitals,Proprietary,2,,1.03,
320021,PRESBYTERIAN HOSPITAL,NM,Acute Care Hospitals,Voluntary non-profit - Private,2,,0.95,
320022,PLAINS REGIONAL MEDICAL CENTER,NM,Acute Care Hospitals,Voluntary non-profit - Private,2,,0.88,
320059,NORTHERN NAVAJO MEDICAL CENTER,NM,Acute Care Hospitals,Government - Federal,3,,0.94,
320061,GALLUP INDIAN MEDICAL CENTER,NM,Acute Care Hospitals,Government - Federal,2,,0.8,
320063,CARLSBAD MEDICAL CENTER,NM,Acute Care Hospitals,Voluntary non-profit - Other,1,,1.08,
320065,COVENANT HEALTH HOBBS HOSPITAL,NM,Acute Care Hospitals,Voluntary non-profit - Private,3,,1.13,
320074,LOVELACE WESTSIDE HOSPITAL,NM,Acute Care Hospitals,Proprietary,4,,1.0,
320085,MOUNTAIN VIEW REGIONAL MEDICAL CENTER,NM,Acute Care Hospitals,Proprietary,2,,1.04,
320086,LOVELACE REGIONAL HOSPITAL - ROSWELL,NM,Acute Care Hospitals,Proprietary,2,,0.9,
320090,PRESBYTERIAN SANTA FE MEDICAL CENTER,NM,Acute Care Hospitals,Voluntary non-profit - Private,5,,0.81,
320091,THREE CROSSES REGIONAL HOSPITAL LLC,NM,Acute Care Hospitals,Proprietary,3,,0.97,
330005,KALEIDA HEALTH,NY,Acute Care Hospitals,Voluntary non-profit - Private,3,,0.94,
330006,ST JOSEPH'S MEDICAL CENTER,NY,Acute Care Hospitals,Voluntary non-profit - Private,1,,1.26,
330009,BRONXCARE HOSPITAL CENTER,NY,Acute Care Hospitals,Voluntary non-profit - Private,1,,0.96,
330011,"OUR LADY OF LOURDES MEMORIAL HOSPITAL, INC",NY,Acute Care Hospitals,Voluntary non-profit - Private,3,,0.92,
330013,ALBANY MEDICAL CENTER HOSPITAL,NY,Acute Care Hospitals,Voluntary non-profit - Private,1,,1.0,
330014,JAMAICA HOSPITAL MEDICAL CENTER,NY,Acute Care Hospitals,Voluntary non-profit - Private,1,,1.05,
330019,"NEW YORK COMMUNITY HOSPITAL OF BROOKLYN, INC.",NY,Acute Care Hospitals,Voluntary non-profit - Private,1,,1.15,
330023,VASSAR BROTHERS MEDICAL CENTER,NY,Acute Care Hospitals,Voluntary non-profit - Private,3,,0.96,
330024,MOUNT SINAI HOSPITAL,NY,Acute Care Hospitals,Voluntary non-profit - Private,4,,0.98,
330027,NASSAU UNIVERSITY MEDICAL CENTER,NY,Acute Care Hospitals,Government - State,1,,1.09,
330028,RICHMOND UNIVERSITY MEDICAL CENTER,NY,Acute Care Hospitals,Voluntary non-profit - Private,1,,1.01,
330030,NEWARK-WAYNE COMMUNITY HOSPITAL,NY,Acute Care Hospitals,Voluntary non-profit - Private,2,,0.86,
330033,CHENANGO MEMORIAL HOSPITAL,NY,Acute Care Hospitals,Voluntary non-profit - Private,2,,0.93,
330043,NS/LIJ HS SOUTHSIDE HOSPITAL,NY,Acute Care Hospitals,Voluntary non-profit - Private,3,,1.1,
330044,WYNN HOSPITAL,NY,Acute Care Hospitals,Voluntary non-profit - Private,1,,1.08,
330045,NS/LIJ HS HUNTINGTON HOSPITAL,NY,Acute Care Hospitals,Voluntary non-profit - Private,5,,0.98,
330046,MOUNT SINAI WEST,NY,Acute Care Hospitals,Voluntary non-profit - Church,4,,1.01,
330047,St Marys Healthcare,NY,Acute Care Hospitals,Voluntary non-profit - Private,3,,1.07,
330049,NORTHERN DUTCHESS HOSPITAL,NY,Acute Care Hospitals,Voluntary non-profit - Private,4,,0.97,
330055,NEW YORK-PRESBYTERIAN/QUEENS,NY,Acute Care Hospitals,Voluntary non-profit - Private,5,,1.08,
330056,BROOKLYN HOSPITAL CENTER - DOWNTOWN CAMPUS,NY,Acute Care Hospitals,Voluntary non-profit - Other,2,,1.11,
330057,ST PETER'S HOSPITAL,NY,Acute Care Hospitals,Voluntary non-profit - Private,2,,0.95,
330058,GENEVA GENERAL HOSPITAL,NY,Acute Care Hospitals,Voluntary non-profit - Other,2,,0.84,
330059,MONTEFIORE MEDICAL CENTER,NY,Acute Care Hospitals,Voluntary non-profit - Private,3,,1.04,
330065,NIAGARA FALLS MEMORIAL MEDICAL CENTER,NY,Acute Care Hospitals,Voluntary non-profit - Private,1,,0.95,
330073,UNITED MEMORIAL MEDICAL CENTER,NY,Acute Care Hospitals,Voluntary non-profit - Private,2,,0.94,
330074,F F THOMPSON HOSPITAL,NY,Acute Care Hospitals,Voluntary non-profit - Private,2,,0.9,
330078,SISTERS OF CHARITY HOSPITAL,NY,Acute Care Hospitals,Voluntary non-profit - Private,3,,0.96,
330079,ADIRONDACK MEDICAL CENTER - SARANAC LAKE,NY,Acute Care Hospitals,Voluntary non-profit - Other,4,,0.87,
330080,LINCOLN MEDICAL & MENTAL HEALTH CENTER,NY,Acute Care Hospitals,Government - Local,2,,1.01,
330085,AURELIA OSBORN FOX MEMORIAL HOSPITAL,NY,Acute Care Hospitals,Voluntary non-profit - Private,3,,1.01,
330086,MONTEFIORE MOUNT VERNON HOSPITAL,NY,Acute Care Hospitals,Voluntary non-profit - Private,3,,1.21,
330090,ARNOT OGDEN MEDICAL CENTER,NY,Acute Care Hospitals,Voluntary non-profit - Private,2,,0.94,
330094,COLUMBIA MEMORIAL HOSPITAL,NY,Acute Care Hospitals,Voluntary non-profit - Private,1,,0.98,
330096,JONES MEMORIAL HOSPITAL,NY,Acute Care Hospitals,Voluntary non-profit - Private,4,,0.93,
330101,NEW YORK-PRESBYTERIAN HOSPITAL,NY,Acute Care Hospitals,Voluntary non-profit - Private,5,,0.99,
330102,KENMORE MERCY HOSPITAL,NY,Acute Care Hospitals,Voluntary non-profit - Private,3,,1.02,
330103,OLEAN GENERAL HOSPITAL,NY,Acute Care Hospitals,Proprietary,1,,0.94,
330104,NYACK HOSPITAL,NY,Acute Care Hospitals,Voluntary non-profit - Private,2,,1.08,
330106,NORTH SHORE UNIVERSITY HOSPITAL,NY,Acute Care Hospitals,Voluntary non-profit - Private,5,,1.03,
330107,PECONIC BAY MEDICAL CENTER,NY,Acute Care Hospitals,Voluntary non-profit - Other,2,,1.0,
330115,ONEIDA HEALTH HOSPITAL,NY,Acute Care Hospitals,Voluntary non-profit - Private,2,,0.95,
330119,LENOX HILL HOSPITAL,NY,Acute Care Hospitals,Voluntary non-profit - Private,5,,1.03,
330125,ROCHESTER GENERAL HOSPITAL,NY,Acute Care Hospitals,Voluntary non-profit - Private,2,,0.92,
330126,GARNET HEALTH MEDICAL CENTER,NY,Acute Care Hospitals,Voluntary non-profit - Private,4,,1.03,
330127,JACOBI MEDICAL CENTER,NY,Acute Care Hospitals,Government - Local,2,,1.04,
330128,ELMHURST HOSPITAL CENTER,NY,Acute Care Hospitals,Government - Local,2,,1.07,
330135,BON SECOURS COMMUNITY HOSPITAL,NY,Acute Care Hospitals,Voluntary non-profit - Private,2,,0.89,
330136,BASSETT HEALTHCARE,NY,Acute Care Hospitals,Voluntary non-profit - Private,2,,0.99,
330140,ST JOSEPH'S HOSPITAL HEALTH CENTER,NY,Acute Care Hospitals,Voluntary non-profit - Church,2,,0.94,
330141,LONG ISLAND COMMUNITY HOSPITAL,NY,Acute Care Hospitals,Voluntary non-profit - Private,4,,1.09,
330151,ST JAMES HOSPITAL,NY,Acute Care Hospitals,Voluntary non-profit - Private,3,,0.95,
330153,ELLIS HOSPITAL,NY,Acute Care Hospitals,Voluntary non-profit - Private,3,,0.93,
330157,SAMARITAN MEDICAL CENTER,NY,Acute Care Hospitals,Voluntary non-profit - Private,2,,0.89,
330158,GOOD SAMARITAN HOSPITAL OF SUFFERN,NY,Acute Care Hospitals,Voluntary non-profit - Private,3,,1.09,
330160,STATEN ISLAND UNIVERSITY HOSPITAL,NY,Acute Care Hospitals,Voluntary non-profit - Private,3,,1.01,
330162,NORTHERN WESTCHESTER HOSPITAL,NY,Acute Care Hospitals,Voluntary non-profit - Private,5,,0.94,
330164,HIGHLAND HOSPITAL,NY,Acute Care Hospitals,Voluntary non-profit - Private,3,,0.91,
330169,MOUNT SINAI BETH ISRAEL,NY,Acute Care Hospitals,Voluntary non-profit - Private,3,,1.03,
330175,GUTHRIE CORTLAND REGIONAL MEDICAL CENTER,NY,Acute Care Hospitals,Voluntary non-profit - Private,3,,0.95,
330180,"SAMARITAN HOSPITAL OF TROY, NEW YORK",NY,Acute Care Hospitals,Voluntary non-profit - Private,3,,0.93,
330181,NORTHWELL HOSPITAL GLEN COVE,NY,Acute Care Hospitals,Voluntary non-profit - Private,5,,1.14,
330182,ST FRANCIS HOSPITAL - THE HEART CENTER,NY,Acute Care Hospitals,Voluntary non-profit - Church,5,,0.99,
330184,MONTEFIORE NEW ROCHELLE HOSPITAL,NY,Acute Care Hospitals,Voluntary non-profit - Private,1,,1.11,
330185,JOHN T MATHER MEMORIAL HOSPITAL  OF PORT JEFFERSON,NY,Acute Care Hospitals,Voluntary non-profit - Private,5,,1.02,
330188,MOUNT ST. MARY'S HOSPITAL & HEALTH CENTER,NY,Acute Care Hospitals,Voluntary non-profit - Private,2,,0.97,
330191,GLENS FALLS HOSPITAL,NY,Acute Care Hospitals,Voluntary non-profit - Private,3,,0.93,
330193,FLUSHING HOSPITAL MEDICAL CENTER,NY,Acute Care Hospitals,Voluntary non-profit - Private,2,,1.25,
330194,MAIMONIDES MEDICAL CENTER,NY,Acute Care Hospitals,Voluntary non-profit - Private,2,,1.07,
330195,LONG ISLAND JEWISH MEDICAL CENTER,NY,Acute Care Hospitals,Voluntary non-profit - Private,4,,1.06,
330196,SOUTH BROOKLYN HEALTH,NY,Acute Care Hospitals,Voluntary non-profit - Other,2,,1.07,
330197,CANTON-POTSDAM HOSPITAL,NY,Acute Care Hospitals,Voluntary non-profit - Private,2,,0.96,
330198,MOUNT SINAI SOUTH NASSAU,NY,Acute Care Hospitals,Voluntary non-profit - Private,3,,1.03,
330199,METROPOLITAN HOSPITAL CENTER,NY,Acute Care Hospitals,Government - Local,3,,1.1,
330202,KINGS COUNTY HOSPITAL CENTER,NY,Acute Care Hospitals,Government - Local,1,,1.02,
330203,CROUSE HOSPITAL,NY,Acute Care Hospitals,Voluntary non-profit - Private,2,,0.97,
330204,BELLEVUE HOSPITAL CENTER,NY,Acute Care Hospitals,Government - Local,2,,0.91,
330205,ST ANTHONY COMMUNITY HOSPITAL,NY,Acute Care Hospitals,Voluntary non-profit - Church,4,,0.94,
330208,ST JOHN'S RIVERSIDE HOSPITAL,NY,Acute Care Hospitals,Voluntary non-profit - Private,3,,1.14,
330214,NYU LANGONE HOSPITALS,NY,Acute Care Hospitals,Voluntary non-profit - Private,5,,0.99,
330215,"ROME MEMORIAL HOSPITAL, INC",NY,Acute Care Hospitals,Voluntary non-profit - Private,2,,0.94,
330218,OSWEGO HOSPITAL,NY,Acute Care Hospitals,Voluntary non-profit - Private,3,,1.0,
330219,ERIE COUNTY MEDICAL CENTER,NY,Acute Care Hospitals,Voluntary non-profit - Private,2,,0.98,
330221,WYCKOFF HEIGHTS MEDICAL CENTER,NY,Acute Care Hospitals,Voluntary non-profit - Private,2,,1.02,
330222,SARATOGA HOSPITAL,NY,Acute Care Hospitals,Voluntary non-profit - Private,3,,0.89,
330224,HEALTHALLIANCE HOSPITAL MARYS AVENUE CAMPUS,NY,Acute Care Hospitals,Voluntary non-profit - Private,1,,1.07,
330226,UNITY HOSPITAL,NY,Acute Care Hospitals,Voluntary non-profit - Private,2,,0.94,
330229,"BROOKS-TLC HOSPITAL SYSTEM, INC",NY,Acute Care Hospitals,Voluntary non-profit - Private,1,,0.98,
330231,QUEENS HOSPITAL CENTER,NY,Acute Care Hospitals,Voluntary non-profit - Other,2,,0.96,
330233,BROOKDALE HOSPITAL MEDICAL CENTER,NY,Acute Care Hospitals,Voluntary non-profit - Private,1,,1.05,
330234,WESTCHESTER MEDICAL CENTER,NY,Acute Care Hospitals,Voluntary non-profit - Other,2,,1.1,
330235,AUBURN  COMMUNITY  HOSPITAL,NY,Acute Care Hospitals,Voluntary non-profit - Private,2,,0.95,
330238,NICHOLAS H NOYES MEMORIAL HOSPITAL,NY,Acute Care Hospitals,Voluntary non-profit - Private,3,,0.83,
330239,UPMC CHAUTAUQUA AT WCA,NY,Acute Care Hospitals,Voluntary non-profit - Private,2,,0.96,
330240,HARLEM HOSPITAL CENTER,NY,Acute Care Hospitals,Government - State,2,,0.96,
330241,UNIVERSITY HOSPITAL S U N Y HEALTH SCIENCE CENTER,NY,Acute Care Hospitals,Government - State,3,,0.99,
330246,ST CHARLES HOSPITAL,NY,Acute Care Hospitals,Voluntary non-profit - Church,5,,1.07,
330250,THE UNIVERSITY OF VERMONT HEALTH NETWORK  - CHAMPL,NY,Acute Care Hospitals,Voluntary non-profit - Private,2,,0.98,
330259,MERCY MEDICAL CENTER,NY,Acute Care Hospitals,Voluntary non-profit - Church,5,,1.14,
330261,PHELPS HOSPITAL,NY,Acute Care Hospitals,Voluntary non-profit - Private,4,,1.03,
330264,MONTEFIORE ST LUKE'S CORNWALL,NY,Acute Care Hospitals,Voluntary non-profit - Private,2,,1.0,
330265,CLIFTON SPRINGS HOSPITAL AND CLINIC,NY,Acute Care Hospitals,Voluntary non-profit - Private,2,,0.84,
330267,HUDSON VALLEY HOSPITAL CENTER,NY,Acute Care Hospitals,Voluntary non-profit - Private,5,,1.06,
330270,HOSPITAL FOR SPECIAL SURGERY,NY,Acute Care Hospitals,Voluntary non-profit - Private,5,,0.92,
330273,PUTNAM HOSPITAL CENTER,NY,Acute Care Hospitals,Voluntary non-profit - Private,3,,1.0,
330276,NATHAN LITTAUER HOSPITAL,NY,Acute Care Hospitals,Voluntary non-profit - Private,2,,0.85,
330277,CORNING HOSPITAL,NY,Acute Care Hospitals,Voluntary non-profit - Private,3,,0.9,
330279,MERCY HOSPITAL OF BUFFALO,NY,Acute Care Hospitals,Voluntary non-profit - Private,2,,0.95,
330285,STRONG MEMORIAL HOSPITAL,NY,Acute Care Hospitals,Voluntary non-profit - Private,3,,0.92,
330286,GOOD SAMARITAN HOSPITAL MEDICAL CENTER,NY,Acute Care Hospitals,Voluntary non-profit - Private,3,,1.08,
330304,WHITE PLAINS HOSPITAL CENTER,NY,Acute Care Hospitals,Voluntary non-profit - Private,5,,1.06,
330307,CAYUGA MEDICAL CENTER AT ITHACA,NY,Acute Care Hospitals,Voluntary non-profit - Private,3,,1.04,
330331,PLAINVIEW HOSPITAL,NY,Acute Care Hospitals,Voluntary non-profit - Private,4,,1.09,
330332,CHSLI ST JOSEPH HOSPITAL,NY,Acute Care Hospitals,Voluntary non-profit - Private,3,,1.12,
330350,SUNY/DOWNSTATE UNIVERSITY HOSPITAL OF BROOKLYN,NY,Acute Care Hospitals,Government - State,1,,1.02,
330386,GARNET HEALTH  MEDICAL CENTER CATSKILLS,NY,Acute Care Hospitals,Voluntary non-profit - Private,2,,0.98,
330393,SUNY/STONY BROOK UNIVERSITY HOSPITAL,NY,Acute Care Hospitals,Government - State,5,,1.03,
330394,"UNITED HEALTH SERVICES HOSPITALS, INC",NY,Acute Care Hospitals,Voluntary non-profit - Private,2,,0.95,
330395,ST JOHN'S EPISCOPAL HOSPITAL AT SOUTH SHORE,NY,Acute Care Hospitals,Voluntary non-profit - Private,1,,1.16,
330396,WOODHULL MEDICAL & MENTAL HEALTH CENTER,NY,Acute Care Hospitals,Government - Local,2,,0.98,
330399,ST BARNABAS HOSPITAL,NY,Acute Care Hospitals,Voluntary non-profit - Private,1,,0.98,
330401,ST CATHERINE OF SIENA HOSPITAL,NY,Acute Care Hospitals,Voluntary non-profit - Church,5,,1.01,
340001,CAROLINAS MEDICAL CENTER-NORTHEAST,NC,Acute Care Hospitals,Government - Hospital District or Authority,4,,0.9,
340002,MEMORIAL MISSION HOSPITAL AND ASHEVILLE SURGERY CE,NC,Acute Care Hospitals,Voluntary non-profit - Private,3,,0.99,
340003,NORTHERN REGIONAL HOSPITAL,NC,Acute Care Hospitals,Government - Hospital District or Authority,4,,0.94,
340004,HIGH POINT REGIONAL HEALTH SYSTEM,NC,Acute Care Hospitals,Voluntary non-profit - Private,2,,0.95,
340008,SCOTLAND MEMORIAL HOSPITAL,NC,Acute Care Hospitals,Voluntary non-profit - Private,3,,0.93,
340010,UNC HEALTH CARE WAYNE,NC,Acute Care Hospitals,Voluntary non-profit - Private,3,,0.96,
340013,RUTHERFORD REGIONAL MEDICAL CENTER,NC,Acute Care Hospitals,Proprietary,2,,0.94,
340014,NOVANT HEALTH FORSYTH MEDICAL CENTER,NC,Acute Care Hospitals,Voluntary non-profit - Private,4,,0.95,
340015,NOVANT HEALTH ROWAN MEDICAL CENTER,NC,Acute Care Hospitals,Voluntary non-profit - Private,4,,0.97,
340016,HARRIS REGIONAL HOSPITAL,NC,Acute Care Hospitals,Proprietary,3,,1.06,
340017,PARDEE HOSPITAL HENDERSON COUNTY,NC,Acute Care Hospitals,Government - Local,5,,0.99,
340020,CENTRAL CAROLINA HOSPITAL,NC,Acute Care Hospitals,Voluntary non-profit - Private,2,,0.96,
340021,ATRIUM HEALTH CLEVELAND,NC,Acute Care Hospitals,Government - Hospital District or Authority,3,,0.94,
340023,ADVENTHEALTH HENDERSONVILLE,NC,Acute Care Hospitals,Voluntary non-profit - Private,5,,0.93,
340024,SAMPSON REGIONAL MEDICAL CENTER,NC,Acute Care Hospitals,Government - Local,2,,0.96,
340027,UNC LENOIR HEALTH CARE,NC,Acute Care Hospitals,Voluntary non-profit - Private,4,,0.94,
340028,CAPE FEAR VALLEY MEDICAL CENTER,NC,Acute Care Hospitals,Voluntary non-profit - Private,2,23,0.98,
340030,DUKE UNIVERSITY HOSPITAL,NC,Acute Care Hospitals,Proprietary,5,,0.95,
340032,CAROMONT REGIONAL MEDICAL CENTER,NC,Acute Care Hospitals,Voluntary non-profit - Private,4,,0.95,
340039,IREDELL MEMORIAL HOSPITAL INC,NC,Acute Care Hospitals,Voluntary non-profit - Private,3,,0.93,
340040,ECU HEALTH MEDICAL CENTER,NC,Acute Care Hospitals,Voluntary non-profit - Private,2,,0.99,
340041,CALDWELL MEMORIAL HOSPITAL,NC,Acute Care Hospitals,Voluntary non-profit - Other,3,,1.03,
340042,ONSLOW MEMORIAL HOSPITAL,NC,Acute Care Hospitals,Government - Hospital District or Authority,1,,1.0,
340047,NORTH CAROLINA BAPTIST HOSPITAL,NC,Acute Care Hospitals,Voluntary non-profit - Private,4,,0.96,
340050,SOUTHEASTERN REGIONAL MEDICAL CENTER,NC,Acute Care Hospitals,Voluntary non-profit - Private,2,,0.89,
340051,WATAUGA MEDICAL CENTER,NC,Acute Care Hospitals,Government - Local,3,,0.95,
340053,NOVANT HEALTH PRESBYTERIAN MEDICAL CENTER,NC,Acute Care Hospitals,Voluntary non-profit - Private,5,,0.96,
340060,UNC ROCKINGHAM,NC,Acute Care Hospitals,Voluntary non-profit - Private,4,,0.92,
340061,UNC HOSPITALS,NC,Acute Care Hospitals,Government - State,5,,0.95,
340064,WILKES REGIONAL MEDICAL CENTER,NC,Acute Care Hospitals,Government - Local,3,,1.02,
340068,COLUMBUS REGIONAL HEALTHCARE SYSTEM,NC,Acute Care Hospitals,Voluntary non-profit - Other,1,,1.01,
340069,"WAKEMED, RALEIGH CAMPUS",NC,Acute Care Hospitals,Voluntary non-profit - Private,4,,0.97,
340070,ALAMANCE REGIONAL MEDICAL CENTER,NC,Acute Care Hospitals,Voluntary non-profit - Private,3,,0.93,
340071,BETSY JOHNSON REGIONAL HOSPITAL,NC,Acute Care Hospitals,Voluntary non-profit - Private,3,,0.93,
340075,"BLUE RIDGE HEALTHCARE HOSPITALS, INC",NC,Acute Care Hospitals,Proprietary,4,,1.0,
340085,NOVANT HEALTH THOMASVILLE MEDICAL CENTER,NC,Acute Care Hospitals,Voluntary non-profit - Private,3,,0.94,
340087,THE MCDOWELL HOSPITAL,NC,Acute Care Hospitals,Voluntary non-profit - Private,3,,0.96,
340090,JOHNSTON HEALTH,NC,Acute Care Hospitals,Government - Hospital District or Authority,4,,0.95,
340091,"MOSES H. CONE MEMORIAL HOSPITAL, THE",NC,Acute Care Hospitals,Voluntary non-profit - Private,3,,0.94,
340096,LEXINGTON MEMORIAL HOSPITAL INC,NC,Acute Care Hospitals,Voluntary non-profit - Private,2,,0.88,
340097,HUGH CHATHAM MEMORIAL HOSPITAL,NC,Acute Care Hospitals,Voluntary non-profit - Private,3,,1.04,
340098,ATRIUM HEALTH PINEVILLE,NC,Acute Care Hospitals,Government - Hospital District or Authority,3,,0.94,
340099,VIDANT ROANOKE CHOWAN HOSPITAL,NC,Acute Care Hospitals,Voluntary non-profit - Private,2,,0.95,
340107,VIDANT EDGECOMBE HOSPITAL,NC,Acute Care Hospitals,Government - Local,3,,0.99,
340109,SENTARA ALBEMARLE MEDICAL CENTER,NC,Acute Care Hospitals,Government - Hospital District or Authority,3,,0.97,
340113,CAROLINAS MEDICAL CENTER/BEHAV HEALTH,NC,Acute Care Hospitals,Government - Hospital District or Authority,4,,0.98,
340114,REX HOSPITAL,NC,Acute Care Hospitals,Government - State,5,,0.93,
340115,FIRSTHEALTH MOORE REGIONAL HOSPITAL,NC,Acute Care Hospitals,Voluntary non-profit - Private,4,,0.92,
340116,FRYE REGIONAL MEDICAL CENTER,NC,Acute Care Hospitals,Proprietary,2,,1.04,
340119,STANLY REGIONAL MEDICAL CENTER,NC,Acute Care Hospitals,Voluntary non-profit - Private,3,,0.93,
340120,VIDANT DUPLIN HOSPITAL,NC,Acute Care Hospitals,Government - Local,3,,0.97,
340123,RANDOLPH HOSPITAL,NC,Acute Care Hospitals,Voluntary non-profit - Private,4,,0.9,
340126,WILSON MEDICAL CENTER,NC,Acute Care Hospitals,Voluntary non-profit - Private,1,,0.95,
340127,GRANVILLE HEALTH SYSTEMS,NC,Acute Care Hospitals,Government - Local,2,,0.89,
340129,DUKE HEALTH LAKE NORMAN HOSPITAL,NC,Acute Care Hospitals,Proprietary,1,,0.94,
340130,ATRIUM HEALTH UNION,NC,Acute Care Hospitals,Government - Hospital District or Authority,4,,0.91,
340131,CAROLINA EAST MEDICAL CENTER,NC,Acute Care Hospitals,Government - Hospital District or Authority,4,,0.89,
340132,MARIA PARHAM MEDICAL CENTER,NC,Acute Care Hospitals,Proprietary,2,,1.01,
340141,NOVANT HEALTH NEW HANOVER REGIONAL MEDICAL CENTER,NC,Acute Care Hospitals,Government - Local,3,,0.94,
340142,CARTERET GENERAL HOSPITAL,NC,Acute Care Hospitals,Proprietary,2,,0.92,
340143,CATAWBA VALLEY MEDICAL CENTER,NC,Acute Care Hospitals,Voluntary non-profit - Other,2,,0.96,
340145,ATRIUM HEALTH LINCOLN,NC,Acute Care Hospitals,Government - Hospital District or Authority,3,,0.95,
340147,UNC HEALTH NASH,NC,Acute Care Hospitals,Government - Hospital District or Authority,4,,0.95,
340148,NOVANT HEALTH MEDICAL PARK HOSPITAL,NC,Acute Care Hospitals,Voluntary non-profit - Other,5,,0.92,
340151,ECU HEALTH NORTH HOSPITAL,NC,Acute Care Hospitals,Voluntary non-profit - Private,2,,0.99,
340155,DUKE REGIONAL HOSPITAL,NC,Acute Care Hospitals,Government - Local,5,,0.89,
340158,NOVANT HEALTH BRUNSWICK MEDICAL CENTER,NC,Acute Care Hospitals,Voluntary non-profit - Other,4,,0.92,
340159,PERSON MEMORIAL HOSPITAL,NC,Acute Care Hospitals,Proprietary,3,,0.92,
340166,ATRIUM HEALTH UNIVERSITY CITY,NC,Acute Care Hospitals,Government - Hospital District or Authority,3,,0.93,
340171,NOVANT HEALTH MATTHEWS MEDICAL CENTER,NC,Acute Care Hospitals,Voluntary non-profit - Other,5,,0.91,
340173,"WAKEMED, CARY HOSPITAL",NC,Acute Care Hospitals,Voluntary non-profit - Private,5,,0.98,
340183,NOVANT HEALTH HUNTERSVILLE MEDICAL CENTER,NC,Acute Care Hospitals,Voluntary non-profit - Private,4,,0.94,
340184,HAYWOOD REGIONAL MEDICAL CENTER,NC,Acute Care Hospitals,Government - Hospital District or Authority,3,,0.98,
340188,CAPE FEAR VALLEY HOKE HOSPITAL,NC,Acute Care Hospitals,Voluntary non-profit - Private,4,,0.72,
340190,NOVANT HEALTH MINT HILL MEDICAL CENTER,NC,Acute Care Hospitals,Voluntary non-profit - Private,5,,0.86,
350002,CHI ST ALEXIUS HEALTH,ND,Acute Care Hospitals,Voluntary non-profit - Church,4,,0.94,
350006,TRINITY HOSPITALS,ND,Acute Care Hospitals,Voluntary non-profit - Private,3,,0.93,
350011,SANFORD MEDICAL CENTER FARGO,ND,Acute Care Hospitals,Voluntary non-profit - Private,4,,1.04,
350015,SANFORD MEDICAL CENTER BISMARCK,ND,Acute Care Hospitals,Voluntary non-profit - Private,4,,0.88,
350019,ALTRU HOSPITAL,ND,Acute Care Hospitals,Government - Local,3,,1.02,
350063,P H S INDIAN HOSP AT BELCOURT-QUENTIN N BURDICK,ND,Acute Care Hospitals,Government - Federal,3,,0.73,
350070,ESSENTIA HEALTH,ND,Acute Care Hospitals,Voluntary non-profit - Private,3,,1.02,
360001,MERCY HEALTH-ANDERSON HOSPITAL,OH,Acute Care Hospitals,Voluntary non-profit - Private,4,,0.98,
360002,UNIVERSITY HOSPITALS SAMARITAN MEDICAL CENTER,OH,Acute Care Hospitals,Voluntary non-profit - Other,4,,0.96,
360003,"UNIVERSITY OF CINCINNATI MEDICAL CENTER, LLC",OH,Acute Care Hospitals,Voluntary non-profit - Private,3,,1.07,
360006,RIVERSIDE METHODIST HOSPITAL,OH,Acute Care Hospitals,Voluntary non-profit - Private,4,,0.97,
360008,SOUTHERN OHIO MEDICAL CENTER,OH,Acute Care Hospitals,Voluntary non-profit - Other,4,,0.99,
360009,LIMA MEMORIAL HEALTH SYSTEM,OH,Acute Care Hospitals,Voluntary non-profit - Other,3,,0.98,
360010,UNION HOSPITAL,OH,Acute Care Hospitals,Voluntary non-profit - Other,3,,1.01,
360011,MARION GENERAL HOSPITAL,OH,Acute Care Hospitals,Voluntary non-profit - Private,4,,1.0,
360012,MOUNT CARMEL ST ANN'S,OH,Acute Care Hospitals,Voluntary non-profit - Private,3,,1.01,
360013,WILSON MEMORIAL HOSPITAL,OH,Acute Care Hospitals,Voluntary non-profit - Private,2,,1.01,
360014,OHIOHEALTH O'BLENESS HOSPITAL,OH,Acute Care Hospitals,Voluntary non-profit - Other,3,,0.9,
360016,THE JEWISH HOSPITAL-MERCY HEALTH,OH,Acute Care Hospitals,Voluntary non-profit - Private,4,,1.03,
360017,GRANT MEDICAL CENTER,OH,Acute Care Hospitals,Voluntary non-profit - Church,2,,0.97,
360020,SUMMA HEALTH SYSTEM,OH,Acute Care Hospitals,Voluntary non-profit - Private,3,,1.02,
360025,FIRELANDS REGIONAL MEDICAL CENTER,OH,Acute Care Hospitals,Voluntary non-profit - Private,4,,1.03,
360026,KETTERING HEALTH GREENE MEMORIAL,OH,Acute Care Hospitals,Voluntary non-profit - Private,5,,0.97,
360027,AKRON GENERAL MEDICAL CENTER,OH,Acute Care Hospitals,Voluntary non-profit - Private,5,,1.01,
360029,WOOD COUNTY HOSPITAL,OH,Acute Care Hospitals,Voluntary non-profit - Private,4,,0.97,
360032,GRAND LAKE HEALTH SYSTEM,OH,Acute Care Hospitals,Voluntary non-profit - Private,4,,1.03,
360035,MOUNT CARMEL EAST & WEST,OH,Acute Care Hospitals,Voluntary non-profit - Private,2,,0.98,
360036,WOOSTER COMMUNITY HOSPITAL,OH,Acute Care Hospitals,Government - Local,4,,0.97,
360039,GENESIS HOSPITAL,OH,Acute Care Hospitals,Voluntary non-profit - Private,5,,0.9,
360040,KNOX COMMUNITY HOSPITAL,OH,Acute Care Hospitals,Voluntary non-profit - Other,3,,0.97,
360041,PARMA COMMUNITY GENERAL HOSPITAL,OH,Acute Care Hospitals,Voluntary non-profit - Private,4,,1.01,
360046,MCCULLOUGH-HYDE MEMORIAL HOSPITAL,OH,Acute Care Hospitals,Voluntary non-profit - Private,3,,0.93,
360048,UNIVERSITY OF TOLEDO MEDICAL CENTER,OH,Acute Care Hospitals,Government - State,3,,1.02,
360051,MIAMI VALLEY HOSPITAL,OH,Acute Care Hospitals,Voluntary non-profit - Private,3,,1.02,
360054,HOLZER MEDICAL CENTER,OH,Acute Care Hospitals,Voluntary non-profit - Private,4,,1.15,
360055,INSIGHT HOSPITAL AND MEDICAL CENTER TRUMBULL,OH,Acute Care Hospitals,Proprietary,2,,1.04,
360056,MERCY HEALTH - FAIRFIELD HOSPITAL,OH,Acute Care Hospitals,Voluntary non-profit - Private,3,,0.99,
360058,MERCER COUNTY JOINT TOWNSHIP COMMUNITY HOSPITAL,OH,Acute Care Hospitals,Government - Hospital District or Authority,3,,0.93,
360059,METROHEALTH SYSTEM,OH,Acute Care Hospitals,Voluntary non-profit - Other,3,,0.96,
360064,MH ST ELIZABETH YOUNGSTOWN HOSPITAL,OH,Acute Care Hospitals,Voluntary non-profit - Church,3,,1.03,
360065,FISHER-TITUS HOSPITAL,OH,Acute Care Hospitals,Voluntary non-profit - Private,4,,0.95,
360066,MERCY HEALTH ST RITAS MEDICAL CENTER,OH,Acute Care Hospitals,Voluntary non-profit - Private,4,,0.99,
360068,PROMEDICA TOLEDO HOSPITAL,OH,Acute Care Hospitals,Voluntary non-profit - Private,4,,1.03,
360070,MERCY MEDICAL CENTER,OH,Acute Care Hospitals,Voluntary non-profit - Private,3,,1.0,
360071,VAN WERT COUNTY HOSPITAL,OH,Acute Care Hospitals,Voluntary non-profit - Private,5,,0.92,
360072,FAIRFIELD MEDICAL CENTER,OH,Acute Care Hospitals,Voluntary non-profit - Other,2,,0.95,
360075,UH REGIONAL HOSPITALS,OH,Acute Care Hospitals,Proprietary,4,,0.98,
360076,ATRIUM MEDICAL CENTER,OH,Acute Care Hospitals,Voluntary non-profit - Private,4,,1.01,
360077,FAIRVIEW HOSPITAL,OH,Acute Care Hospitals,Voluntary non-profit - Private,5,,0.98,
360078,UNIVERSITY HOSPITALS PORTAGE MEDICAL CENTER,OH,Acute Care Hospitals,Voluntary non-profit - Private,3,,0.95,
360079,KETTERING HEALTH MAIN CAMPUS,OH,Acute Care Hospitals,Voluntary non-profit - Church,3,,1.05,
360080,EAST OHIO REGIONAL HOSPITAL,OH,Acute Care Hospitals,Voluntary non-profit - Other,2,,0.94,
360082,EUCLID HOSPITAL,OH,Acute Care Hospitals,Voluntary non-profit - Other,4,,1.02,
360084,AULTMAN HOSPITAL,OH,Acute Care Hospitals,Voluntary non-profit - Other,4,,1.0,
360085,OHIO STATE UNIVERSITY STATE HEALTH SYSTEM,OH,Acute Care Hospitals,Government - State,3,,0.98,
360086,SPRINGFIELD REGIONAL MEDICAL CENTER,OH,Acute Care Hospitals,Voluntary non-profit - Private,4,,1.04,
360087,LUTHERAN HOSPITAL,OH,Acute Care Hospitals,Voluntary non-profit - Private,3,,0.97,
360089,MERCY HEALTH - TIFFIN HOSPITAL,OH,Acute Care Hospitals,Voluntary non-profit - Church,3,,0.91,
360091,MEDINA HOSPITAL,OH,Acute Care Hospitals,Voluntary non-profit - Private,5,,1.05,
360092,MEMORIAL HOSPITAL,OH,Acute Care Hospitals,Government - Local,5,,0.84,
360095,BLANCHARD VALLEY HOSPITAL,OH,Acute Care Hospitals,Voluntary non-profit - Other,3,,1.02,
360096,EAST LIVERPOOL CITY HOSPITAL,OH,Acute Care Hospitals,Voluntary non-profit - Private,3,,0.95,
360098,LAKE HEALTH,OH,Acute Care Hospitals,Voluntary non-profit - Private,3,,1.01,
360107,BELLEVUE HOSPITAL,OH,Acute Care Hospitals,Voluntary non-profit - Other,4,,0.96,
360109,COSHOCTON REGIONAL MEDICAL CENTER,OH,Acute Care Hospitals,Voluntary non-profit - Private,4,,0.94,
360112,MERCY ST VINCENT MEDICAL CENTER,OH,Acute Care Hospitals,Voluntary non-profit - Church,3,,1.04,
360118,OHIOHEALTH MANSFIELD HOSPITAL,OH,Acute Care Hospitals,Voluntary non-profit - Private,3,,0.98,
360121,COMMUNITY HOSPITALS AND WELLNESS CENTERS,OH,Acute Care Hospitals,Voluntary non-profit - Other,3,,1.03,
360123,UH ST JOHN MEDICAL CENTER,OH,Acute Care Hospitals,Voluntary non-profit - Private,4,,1.06,
360125,ASHTABULA COUNTY MEDICAL CENTER,OH,Acute Care Hospitals,Voluntary non-profit - Private,3,,1.05,
360131,ALLIANCE COMMUNITY HOSPITAL,OH,Acute Care Hospitals,Voluntary non-profit - Private,4,,1.07,
360132,FORT HAMILTON HUGHES MEMORIAL HOSPITAL,OH,Acute Care Hospitals,Voluntary non-profit - Private,3,,1.01,
360133,KETTERING HEALTH DAYTON,OH,Acute Care Hospitals,Voluntary non-profit - Other,4,,0.99,
360134,GOOD SAMARITAN HOSPITAL,OH,Acute Care Hospitals,Voluntary non-profit - Private,4,,0.96,
360137,UH CLEVELAND MEDICAL CENTER,OH,Acute Care Hospitals,Voluntary non-profit - Private,3,,1.05,
360143,MARYMOUNT HOSPITAL,OH,Acute Care Hospitals,Voluntary non-profit - Private,5,,1.0,
360144,SOUTH POINTE HOSPITAL,OH,Acute Care Hospitals,Voluntary non-profit - Other,5,,0.96,
360145,UNIVERSITY HOSPITALS - ELYRIA MEDICAL CENTER,OH,Acute Care Hospitals,Voluntary non-profit - Private,4,,1.04,
360147,MARIETTA MEMORIAL HOSPITAL,OH,Acute Care Hospitals,Voluntary non-profit - Other,3,,0.97,
360148,POMERENE HOSPITAL,OH,Acute Care Hospitals,Voluntary non-profit - Private,3,,0.84,
360150,SUMMA WESTERN RESERVE HOSPITAL,OH,Acute Care Hospitals,Voluntary non-profit - Other,3,,0.97,
360152,DOCTORS HOSPITAL,OH,Acute Care Hospitals,Voluntary non-profit - Church,4,,0.96,
360155,SOUTHWEST GENERAL HEALTH CENTER,OH,Acute Care Hospitals,Voluntary non-profit - Private,4,,0.97,
360156,MEMORIAL HOSPITAL,OH,Acute Care Hospitals,Voluntary non-profit - Other,4,,0.95,
360159,ADENA REGIONAL MEDICAL CENTER,OH,Acute Care Hospitals,Voluntary non-profit - Private,3,,1.01,
360161,MH ST JOSEPH WARREN HOSPITAL,OH,Acute Care Hospitals,Voluntary non-profit - Private,3,,1.02,
360163,CHRIST HOSPITAL,OH,Acute Care Hospitals,Voluntary non-profit - Private,5,,0.96,
360170,BERGER HOSPITAL,OH,Acute Care Hospitals,Government - Local,3,,0.88,
360172,MERCY REGIONAL MEDICAL CENTER,OH,Acute Care Hospitals,Voluntary non-profit - Private,2,,1.16,
360174,UPPER VALLEY MEDICAL CENTER,OH,Acute Care Hospitals,Voluntary non-profit - Private,4,,0.95,
360175,TRIHEALTH CLINTON REGIONAL HOSPITAL,OH,Acute Care Hospitals,Government - Local,2,,1.06,
360179,BETHESDA NORTH,OH,Acute Care Hospitals,Voluntary non-profit - Church,3,,1.0,
360180,CLEVELAND CLINIC,OH,Acute Care Hospitals,Voluntary non-profit - Private,4,,0.95,
360185,SALEM REGIONAL MEDICAL CENTER,OH,Acute Care Hospitals,Voluntary non-profit - Private,3,,1.02,
360189,MADISON HEALTH,OH,Acute Care Hospitals,Voluntary non-profit - Private,3,,0.83,
360197,MARY RUTAN HOSPITAL,OH,Acute Care Hospitals,Voluntary non-profit - Private,4,,0.98,
360203,SOUTHEASTERN OHIO REGIONAL MEDICAL CENTER,OH,Acute Care Hospitals,Voluntary non-profit - Private,4,,0.92,
360210,GRADY MEMORIAL HOSPITAL,OH,Acute Care Hospitals,Voluntary non-profit - Private,4,,0.92,
360211,TRINITY MEDICAL CTR EAST &TRINITY MEDICAL CTR WEST,OH,Acute Care Hospitals,Voluntary non-profit - Other,2,,1.03,
360218,LICKING MEMORIAL HOSPITAL,OH,Acute Care Hospitals,Voluntary non-profit - Private,2,,1.0,
360230,HILLCREST HOSPITAL,OH,Acute Care Hospitals,Voluntary non-profit - Private,5,,0.99,
360234,MERCY HEALTH - WEST HOSPITAL,OH,Acute Care Hospitals,Voluntary non-profit - Private,4,,0.95,
360236,MERCY HEALTH - CLERMONT HOSPITAL,OH,Acute Care Hospitals,Voluntary non-profit - Church,4,,0.96,
360239,KETTERING HEALTH MIAMISBURG,OH,Acute Care Hospitals,Voluntary non-profit - Church,4,,1.04,
360259,BAY PARK COMMUNITY HOSPITAL,OH,Acute Care Hospitals,Voluntary non-profit - Other,3,,0.97,
360270,MERCY HEALTH - DEFIANCE HOSPITAL,OH,Acute Care Hospitals,Proprietary,4,,0.91,
360276,HMHP ST ELIZABETH BOARDMAN HEALTH CENTER,OH,Acute Care Hospitals,Voluntary non-profit - Church,2,,1.01,
360348,DUBLIN METHODIST HOSPITAL,OH,Acute Care Hospitals,Voluntary non-profit - Private,4,,0.92,
360351,CRYSTAL CLINIC ORTHOPAEDIC CENTER,OH,Acute Care Hospitals,Proprietary,5,,0.85,
360352,SURGICAL HOSPITAL AT SOUTHWOODS,OH,Acute Care Hospitals,Proprietary,4,,0.95,
360354,WEST CHESTER HOSPITAL,OH,Acute Care Hospitals,Voluntary non-profit - Private,3,,1.0,
360359,UNIVERSITY HOSPITALS AHUJA MEDICAL CENTER,OH,Acute Care Hospitals,Voluntary non-profit - Private,3,,1.01,
360360,SOIN MEDICAL CENTER,OH,Acute Care Hospitals,Voluntary non-profit - Private,4,,0.99,
360364,CLEVELAND CLINIC AVON HOSPITAL,OH,Acute Care Hospitals,Voluntary non-profit - Private,5,,0.94,
360365,AVITA ONTARIO,OH,Acute Care Hospitals,Voluntary non-profit - Private,4,,1.08,
360368,KETTERING HEALTH TROY,OH,Acute Care Hospitals,Voluntary non-profit - Private,5,,0.92,
370001,HILLCREST MEDICAL CENTER,OK,Acute Care Hospitals,Proprietary,3,,1.04,
370002,Integris Health Woodward Hospital,OK,Acute Care Hospitals,Proprietary,3,,1.08,
370004,INTEGRIS MIAMI HOSPITAL,OK,Acute Care Hospitals,Voluntary non-profit - Other,4,,0.95,
370006,INTEGRIS HEALTH PONCA CITY,OK,Acute Care Hospitals,Voluntary non-profit - Other,2,,1.0,
370008,NORMAN REGIONAL,OK,Acute Care Hospitals,Government - Hospital District or Authority,2,,0.95,
370013,"MERCY HOSPITAL OKLAHOMA CITY, INC",OK,Acute Care Hospitals,Voluntary non-profit - Church,4,,1.17,
370014,ALLIANCEHEALTH DURANT,OK,Acute Care Hospitals,Proprietary,1,,0.98,
370015,HILLCREST HOSPITAL PRYOR,OK,Acute Care Hospitals,Proprietary,4,,0.9,
370016,INTEGRIS HEALTH ENID HOSPITAL,OK,Acute Care Hospitals,Voluntary non-profit - Private,3,,1.11,
370018,ASCENSION ST JOHN JANE PHILLIPS,OK,Acute Care Hospitals,Voluntary non-profit - Private,3,29,0.98,29
370019,GREAT PLAINS REGIONAL MEDICAL CENTER,OK,Acute Care Hospitals,Voluntary non-profit - Private,2,,1.08,
370020,MERCY HOSPITAL ADA,OK,Acute Care Hospitals,Voluntary non-profit - Private,4,,1.0,
370022,JACKSON COUNTY MEMORIAL HOSPITAL AUTHORITY,OK,Acute Care Hospitals,Voluntary non-profit - Other,3,,1.02,
370023,"DUNCAN REGIONAL HOSPITAL, INC",OK,Acute Care Hospitals,Voluntary non-profit - Private,3,,1.0,
370025,SAINT FRANCIS HOSPITAL MUSKOGEE,OK,Acute Care Hospitals,Voluntary non-profit - Private,3,,0.99,
370026,ST MARY'S REGIONAL MEDICAL CENTER,OK,Acute Care Hospitals,Proprietary,3,,1.04,
370028,"INTEGRIS BAPTIST MEDICAL CENTER, INC",OK,Acute Care Hospitals,Voluntary non-profit - Private,3,,1.07,
370034,MCALESTER REGIONAL HEALTH CENTER,OK,Acute Care Hospitals,Government - Hospital District or Authority,3,,0.98,
370037,SSM HEALTH ST ANTHONY HOSPITAL - OKLAHOMA CITY,OK,Acute Care Hospitals,Voluntary non-profit - Church,4,,1.0,
370039,HILLCREST HOSPITAL CLAREMORE,OK,Acute Care Hospitals,Proprietary,4,,0.91,
370047,"MERCY HOSPITAL ARDMORE, INC",OK,Acute Care Hospitals,Voluntary non-profit - Church,4,,1.03,
370049,STILLWATER MEDICAL CENTER,OK,Acute Care Hospitals,Government - Hospital District or Authority,4,,1.03,
370054,GRADY MEMORIAL HOSPITAL,OK,Acute Care Hospitals,Government - Hospital District or Authority,2,,1.02,
370056,MEMORIAL HEALTH,OK,Acute Care Hospitals,Government - Hospital District or Authority,2,,0.97,
370078,OKLAHOMA STATE UNIVERSITY MEDICAL CENTER,OK,Acute Care Hospitals,Government - Hospital District or Authority,2,,1.03,
370083,PUSHMATAHA HOSPITAL,OK,Acute Care Hospitals,Government - Hospital District or Authority,3,,1.09,
370089,NORTHEASTERN HEALTH SYSTEM,OK,Acute Care Hospitals,Government - Hospital District or Authority,2,,0.97,
370091,"SAINT FRANCIS HOSPITAL, INC",OK,Acute Care Hospitals,Voluntary non-profit - Private,5,,1.03,
370093,O U MEDICAL CENTER,OK,Acute Care Hospitals,Voluntary non-profit - Private,2,,1.08,
370097,SOUTHWESTERN MEDICAL CENTER,OK,Acute Care Hospitals,Proprietary,2,,1.02,
370099,HILLCREST HOSPITAL CUSHING,OK,Acute Care Hospitals,Proprietary,4,,0.96,
370100,CHOCTAW MEMORIAL HOSPITAL,OK,Acute Care Hospitals,Voluntary non-profit - Other,1,,1.25,
370106,INTEGRIS SOUTHWEST MEDICAL CENTER,OK,Acute Care Hospitals,Voluntary non-profit - Private,2,,1.16,
370112,SEQUOYAH COUNTY-CITY OF SALLISAW HOSPITAL AUTHORIT,OK,Acute Care Hospitals,Government - Local,3,,1.05,
370113,INTEGRIS GROVE HOSPITAL,OK,Acute Care Hospitals,Voluntary non-profit - Private,4,,1.05,
370114,ASCENSION ST JOHN MEDICAL CENTER,OK,Acute Care Hospitals,Voluntary non-profit - Private,3,29,1.06,29
370149,SSM HEALTH ST ANTHONY HOSPITAL - SHAWNEE,OK,Acute Care Hospitals,Voluntary non-profit - Private,3,,0.92,
370158,PURCELL MUNICIPAL HOSPITAL,OK,Acute Care Hospitals,Government - Local,3,,1.02,
370166,WAGONER COMMUNITY HOSPITAL,OK,Acute Care Hospitals,Government - Hospital District or Authority,2,,0.89,
370171,CHEROKEE NATION W W HASTINGS INDIAN HOSPITAL,OK,Acute Care Hospitals,Voluntary non-profit - Other,3,,0.89,
370178,MEMORIAL HOSPITAL,OK,Acute Care Hospitals,Voluntary non-profit - Private,4,,0.81,
370180,CHICKASAW NATION MEDICAL CENTER,OK,Acute Care Hospitals,Tribal,5,,0.73,
370202,HILLCREST HOSPITAL SOUTH,OK,Acute Care Hospitals,Proprietary,3,,0.99,
370203,"COMMUNITY HOSPITAL, LLC",OK,Acute Care Hospitals,Physician,4,,1.04,
370210,"OKLAHOMA SURGICAL HOSPITAL, LLC",OK,Acute Care Hospitals,Physician,5,,1.01,
370211,INTEGRIS CANADIAN VALLEY HOSPITAL,OK,Acute Care Hospitals,Voluntary non-profit - Private,4,,1.03,
370215,"OKLAHOMA HEART HOSPITAL, LLC",OK,Acute Care Hospitals,Physician,4,,1.01,
370218,"SAINT FRANCIS HOSPITAL SOUTH, LLC",OK,Acute Care Hospitals,Voluntary non-profit - Private,5,,0.93,
370227,ST JOHN OWASSO,OK,Acute Care Hospitals,Voluntary non-profit - Private,5,29,0.8,29
370228,"BAILEY MEDICAL CENTER, LLC",OK,Acute Care Hospitals,Proprietary,5,,0.89,
370234,"OKLAHOMA HEART HOSPITAL SOUTH, LLC",OK,Acute Care Hospitals,Physician,5,,0.98,
370235,ASCENSION ST JOHN BROKEN ARROW,OK,Acute Care Hospitals,Voluntary non-profit - Private,4,29,0.98,29
370236,INTEGRIS HEALTH EDMOND HOSPITAL,OK,Acute Care Hospitals,Voluntary non-profit - Private,2,,1.02,
370237,"SAINT FRANCIS HOSPITAL VINITA, INC",OK,Acute Care Hospitals,Voluntary non-profit - Private,3,,0.83,
380001,MID-COLUMBIA MEDICAL CENTER,OR,Acute Care Hospitals,Voluntary non-profit - Other,4,,0.81,
380002,ASANTE THREE RIVERS MEDICAL CENTER,OR,Acute Care Hospitals,Voluntary non-profit - Other,3,,0.87,
380004,PROVIDENCE ST VINCENT MEDICAL CENTER,OR,Acute Care Hospitals,Voluntary non-profit - Private,4,,0.89,
380007,LEGACY EMANUEL MEDICAL CENTER,OR,Acute Care Hospitals,Voluntary non-profit - Private,3,,0.97,
380009,OHSU HOSPITAL AND CLINICS,OR,Acute Care Hospitals,Voluntary non-profit - Other,3,,0.97,
380014,GOOD SAMARITAN REGIONAL MEDICAL CENTER,OR,Acute Care Hospitals,Voluntary non-profit - Private,3,,0.86,
380017,LEGACY GOOD SAMARITAN MEDICAL CENTER,OR,Acute Care Hospitals,Voluntary non-profit - Private,4,,0.96,
380018,ASANTE ROGUE REGIONAL MEDICAL CENTER,OR,Acute Care Hospitals,Voluntary non-profit - Private,4,,0.93,
380020,MCKENZIE-WILLAMETTE MEDICAL CENTER,OR,Acute Care Hospitals,Voluntary non-profit - Private,4,,0.85,
380021,HILLSBORO MEDICAL CENTER,OR,Acute Care Hospitals,Voluntary non-profit - Private,3,,0.96,
380022,SAMARITAN ALBANY GENERAL HOSPITAL,OR,Acute Care Hospitals,Voluntary non-profit - Church,4,,0.9,
380025,LEGACY MOUNT HOOD MEDICAL CENTER,OR,Acute Care Hospitals,Voluntary non-profit - Private,3,,0.87,
380027,MERCY MEDICAL CENTER,OR,Acute Care Hospitals,Government - Hospital District or Authority,4,,0.86,
380037,PROVIDENCE NEWBERG MEDICAL CENTER,OR,Acute Care Hospitals,Voluntary non-profit - Church,4,,0.83,
380038,PROVIDENCE WILLAMETTE FALLS MEDICAL CENTER,OR,Acute Care Hospitals,Voluntary non-profit - Private,4,,0.87,
380047,ST CHARLES MEDICAL CENTER - BEND,OR,Acute Care Hospitals,Voluntary non-profit - Private,4,,0.9,
380050,SKY LAKES MEDICAL CENTER,OR,Acute Care Hospitals,Voluntary non-profit - Private,2,,0.77,
380051,SALEM HOSPITAL,OR,Acute Care Hospitals,Voluntary non-profit - Other,3,,0.9,
380052,SAINT ALPHONSUS MEDICAL CENTER ONTARIO,OR,Acute Care Hospitals,Voluntary non-profit - Church,2,,0.91,
380060,ADVENTIST HEALTH PORTLAND,OR,Acute Care Hospitals,Voluntary non-profit - Church,4,,0.94,
380061,PROVIDENCE PORTLAND MEDICAL CENTER,OR,Acute Care Hospitals,Voluntary non-profit - Private,4,,0.94,
380071,WILLAMETTE VALLEY MEDICAL CENTER,OR,Acute Care Hospitals,Voluntary non-profit - Private,2,,0.84,
380075,PROVIDENCE MEDFORD MEDICAL CENTER,OR,Acute Care Hospitals,Voluntary non-profit - Church,2,,0.91,
380082,PROVIDENCE MILWAUKIE HOSPITAL,OR,Acute Care Hospitals,Voluntary non-profit - Church,3,,0.91,
380089,LEGACY MERIDIAN PARK MEDICAL CENTER,OR,Acute Care Hospitals,Voluntary non-profit - Private,2,,0.87,
380090,BAY AREA HOSPITAL,OR,Acute Care Hospitals,Government - Hospital District or Authority,2,,0.87,
380091,KAISER SUNNYSIDE MEDICAL CENTER,OR,Acute Care Hospitals,Voluntary non-profit - Other,4,,0.89,
380102,SACRED HEART MEDICAL CENTER - RIVERBEND,OR,Acute Care Hospitals,Voluntary non-profit - Private,4,,0.89,
380103,KAISER FOUNDATION HOSPITAL WESTSIDE,OR,Acute Care Hospitals,Voluntary non-profit - Private,4,,0.85,
390001,GEISINGER-COMMUNITY MEDICAL CENTER,PA,Acute Care Hospitals,Voluntary non-profit - Private,2,,0.99,
390002,UPMC MCKEESPORT HOSPITAL,PA,Acute Care Hospitals,Voluntary non-profit - Private,3,,1.02,
390003,GEISINGER-BLOOMSBURG HOSPITAL,PA,Acute Care Hospitals,Voluntary non-profit - Private,4,,0.94,
390004,PENN STATE HEALTH HOLY SPIRIT MEDICAL CENTER,PA,Acute Care Hospitals,Voluntary non-profit - Private,3,,1.11,
390006,GEISINGER MEDICAL CENTER,PA,Acute Care Hospitals,Voluntary non-profit - Private,4,,0.99,
390009,SAINT VINCENT HOSPITAL,PA,Acute Care Hospitals,Voluntary non-profit - Private,4,,0.99,
390012,JEFFERSON LANSDALE HOSPITAL,PA,Acute Care Hospitals,Voluntary non-profit - Private,3,,0.97,
390013,WELLSPAN EVANGELICAL COMMUNITY HOSPITAL,PA,Acute Care Hospitals,Voluntary non-profit - Private,4,,0.91,
390016,UPMC JAMESON,PA,Acute Care Hospitals,Voluntary non-profit - Other,3,,1.03,
390026,TEMPLE HEALTH - CHESTNUT HILL HOSPITAL,PA,Acute Care Hospitals,Voluntary non-profit - Private,2,,0.99,
390027,TEMPLE UNIVERSITY HOSPITAL,PA,Acute Care Hospitals,Voluntary non-profit - Private,4,,1.02,
390028,UPMC MERCY,PA,Acute Care Hospitals,Voluntary non-profit - Private,4,,1.08,
390030,SCHUYLKILL MEDICAL CENTER - SOUTH JACKSON STREET,PA,Acute Care Hospitals,Voluntary non-profit - Private,4,,1.07,
390032,ALLEGHENY VALLEY HOSPITAL,PA,Acute Care Hospitals,Voluntary non-profit - Private,4,,1.0,
390035,ST LUKE'S HOSPITAL - UPPER BUCKS CAMPUS,PA,Acute Care Hospitals,Proprietary,5,,0.92,
390036,HERITAGE VALLEY BEAVER,PA,Acute Care Hospitals,Voluntary non-profit - Private,3,,1.14,
390037,HERITAGE VALLEY SEWICKLEY,PA,Acute Care Hospitals,Voluntary non-profit - Private,4,,1.12,
390039,UPMC SOMERSET,PA,Acute Care Hospitals,Voluntary non-profit - Private,4,,0.95,
390041,UNIONTOWN HOSPITAL,PA,Acute Care Hospitals,Voluntary non-profit - Private,2,,0.93,
390042,"WASHINGTON HOSPITAL, THE",PA,Acute Care Hospitals,Voluntary non-profit - Private,4,,0.99,
390044,READING HOSPITAL,PA,Acute Care Hospitals,Voluntary non-profit - Private,4,,1.02,
390045,UPMC WILLIAMSPORT,PA,Acute Care Hospitals,Voluntary non-profit - Private,3,,1.02,
390046,WELLSPAN YORK HOSPITAL,PA,Acute Care Hospitals,Voluntary non-profit - Private,4,,1.01,
390048,GEISINGER-LEWISTOWN HOSPITAL,PA,Acute Care Hospitals,Voluntary non-profit - Private,5,,0.94,
390049,ST LUKES HOSPITAL,PA,Acute Care Hospitals,Voluntary non-profit - Private,5,,0.97,
390050,ALLEGHENY GENERAL HOSPITAL,PA,Acute Care Hospitals,Voluntary non-profit - Private,3,,1.05,
390056,PENN HIGHLANDS HUNTINGDON,PA,Acute Care Hospitals,Voluntary non-profit - Private,3,,0.93,
390057,ST LUKE'S HOSPITAL - GRAND VIEW CAMPUS,PA,Acute Care Hospitals,Voluntary non-profit - Other,4,,0.97,
390058,UPMC CARLISLE,PA,Acute Care Hospitals,Voluntary non-profit - Private,4,,1.01,
390062,CONEMAUGH NASON MEDICAL CENTER,PA,Acute Care Hospitals,Voluntary non-profit - Other,5,,0.93,
390063,UPMC HAMOT,PA,Acute Care Hospitals,Voluntary non-profit - Private,3,,1.06,
390065,GETTYSBURG HOSPITAL,PA,Acute Care Hospitals,Voluntary non-profit - Private,4,,0.97,
390066,WELLSPAN GOOD SAMARITAN HOSPITAL,PA,Acute Care Hospitals,Voluntary non-profit - Private,5,,0.96,
390067,UPMC PINNACLE HOSPITALS,PA,Acute Care Hospitals,Voluntary non-profit - Private,4,,1.05,
390068,UPMC LITITZ,PA,Acute Care Hospitals,Voluntary non-profit - Other,4,,0.98,
390070,LOWER BUCKS HOSPITAL,PA,Acute Care Hospitals,Voluntary non-profit - Private,3,,0.94,
390073,UPMC ALTOONA,PA,Acute Care Hospitals,Voluntary non-profit - Private,3,,1.12,
390079,ROBERT PACKER HOSPITAL,PA,Acute Care Hospitals,Voluntary non-profit - Private,2,,0.98,
390086,PENN HIGHLANDS DUBOIS,PA,Acute Care Hospitals,Voluntary non-profit - Private,2,,0.99,
390090,WEST PENN HOSPITAL,PA,Acute Care Hospitals,Voluntary non-profit - Private,3,,1.07,
390091,UPMC NORTHWEST,PA,Acute Care Hospitals,Voluntary non-profit - Other,4,,0.96,
390093,INDEPENDENCE HEALTH SYSTEM CLARION HOSPITAL,PA,Acute Care Hospitals,Voluntary non-profit - Private,2,,0.95,
390096,PENN STATE HEALTH ST. JOSEPH,PA,Acute Care Hospitals,Voluntary non-profit - Private,3,,1.05,
390097,HOLY REDEEMER HOSPITAL AND MEDICAL CENTER,PA,Acute Care Hospitals,Voluntary non-profit - Church,3,,0.93,
390100,LANCASTER GENERAL HOSPITAL,PA,Acute Care Hospitals,Voluntary non-profit - Private,5,,0.97,
390101,UPMC MEMORIAL,PA,Acute Care Hospitals,Voluntary non-profit - Private,4,,1.1,
390102,UPMC ST MARGARET,PA,Acute Care Hospitals,Voluntary non-profit - Private,3,,1.01,
390107,UPMC PASSAVANT,PA,Acute Care Hospitals,Voluntary non-profit - Private,4,,0.98,
390110,CONEMAUGH MEMORIAL MEDICAL CENTER,PA,Acute Care Hospitals,Proprietary,2,,1.03,
390111,HOSPITAL OF UNIV OF PENNSYLVANIA,PA,Acute Care Hospitals,Voluntary non-profit - Private,5,,1.03,
390112,CHAN SOON- SHIONG MEDICAL CENTER AT WINDBER,PA,Acute Care Hospitals,Voluntary non-profit - Private,2,,1.02,
390113,MEADVILLE MEDICAL CENTER,PA,Acute Care Hospitals,Voluntary non-profit - Private,4,,0.94,
390114,MAGEE WOMENS HOSPITAL OF UPMC HEALTH SYSTEM,PA,Acute Care Hospitals,Voluntary non-profit - Other,4,,1.02,
390115,JEFFERSON HEALTH- NORTHEAST,PA,Acute Care Hospitals,Voluntary non-profit - Private,2,,1.05,
390116,SUBURBAN COMMUNITY HOSPITAL,PA,Acute Care Hospitals,Voluntary non-profit - Private,4,,0.9,
390117,UPMC BEDFORD MEMORIAL,PA,Acute Care Hospitals,Voluntary non-profit - Private,4,,1.04,
390123,POTTSTOWN HOSPITAL,PA,Acute Care Hospitals,Voluntary non-profit - Private,2,,1.0,
390125,WAYNE MEMORIAL HOSPITAL,PA,Acute Care Hospitals,Voluntary non-profit - Private,2,,1.02,
390127,PHOENIXVILLE HOSPITAL,PA,Acute Care Hospitals,Voluntary non-profit - Private,3,,0.98,
390133,LEHIGH VALLEY HOSPITAL,PA,Acute Care Hospitals,Voluntary non-profit - Private,4,,0.96,
390137,WILKES-BARRE GENERAL HOSPITAL,PA,Acute Care Hospitals,Proprietary,2,,1.18,
390138,WELLSPAN WAYNESBORO HOSPITAL,PA,Acute Care Hospitals,Voluntary non-profit - Private,4,,0.89,
390139,BRYN MAWR HOSPITAL,PA,Acute Care Hospitals,Voluntary non-profit - Private,5,,1.0,
390142,JEFFERSON EINSTEIN PHILADELPHIA HOSPITAL,PA,Acute Care Hospitals,Voluntary non-profit - Other,3,,1.05,
390145,EXCELA HEALTH WESTMORELAND REGIONAL HOSPITAL,PA,Acute Care Hospitals,Voluntary non-profit - Other,3,,0.94,
390146,WARREN GENERAL HOSPITAL,PA,Acute Care Hospitals,Voluntary non-profit - Private,3,,0.91,
390147,PENN HIGHLANDS MON VALLEY,PA,Acute Care Hospitals,Voluntary non-profit - Private,1,,0.97,
390151,WELLSPAN CHAMBERSBURG HOSPITAL,PA,Acute Care Hospitals,Voluntary non-profit - Private,4,,0.94,
390153,PAOLI HOSPITAL,PA,Acute Care Hospitals,Voluntary non-profit - Private,5,,1.0,
390156,MERCY CATHOLIC MEDICAL CENTER- MERCY FITZGERALD,PA,Acute Care Hospitals,Voluntary non-profit - Private,2,,1.04,
390160,CANONSBURG GENERAL HOSPITAL,PA,Acute Care Hospitals,Voluntary non-profit - Private,3,,1.04,
390162,ST LUKE'S HOSPITAL - EASTON CAMPUS,PA,Acute Care Hospitals,Voluntary non-profit - Private,4,,0.95,
390163,ACMH HOSPITAL,PA,Acute Care Hospitals,Voluntary non-profit - Private,3,,0.92,
390164,UPMC PRESBYTERIAN SHADYSIDE,PA,Acute Care Hospitals,Voluntary non-profit - Private,4,,1.01,
390168,INDEPENDENCE HEALTH SYSTEM BUTLER MEMORIAL HOSPITA,PA,Acute Care Hospitals,Voluntary non-profit - Private,2,,0.94,
390173,INDIANA REGIONAL MEDICAL CENTER,PA,Acute Care Hospitals,Voluntary non-profit - Private,2,,0.98,
390174,THOMAS JEFFERSON UNIVERSITY HOSPITAL,PA,Acute Care Hospitals,Voluntary non-profit - Private,3,,1.0,
390178,UPMC HORIZON,PA,Acute Care Hospitals,Voluntary non-profit - Private,4,,0.95,
390179,CHESTER COUNTY HOSPITAL,PA,Acute Care Hospitals,Voluntary non-profit - Private,5,,0.97,
390180,CROZER CHESTER MEDICAL CENTER,PA,Acute Care Hospitals,Voluntary non-profit - Other,1,,1.09,
390183,ST LUKE'S MINERS MEMORIAL HOSPITAL,PA,Acute Care Hospitals,Voluntary non-profit - Private,4,,0.89,
390185,LEHIGH VALLEY HOSPITAL - HAZLETON,PA,Acute Care Hospitals,Voluntary non-profit - Other,2,,1.0,
390195,MAIN LINE HOSPITAL LANKENAU,PA,Acute Care Hospitals,Voluntary non-profit - Private,4,,1.0,
390198,LECOM MEDICAL CENTER AND BEHAVIORAL HEALTH PAV,PA,Acute Care Hospitals,Voluntary non-profit - Private,1,,1.15,
390199,PUNXSUTAWNEY AREA HOSPITAL,PA,Acute Care Hospitals,Voluntary non-profit - Private,2,,0.95,
390201,LEHIGH VALLEY HOSPITAL - POCONO,PA,Acute Care Hospitals,Voluntary non-profit - Private,3,,0.99,
390203,DOYLESTOWN HOSPITAL,PA,Acute Care Hospitals,Voluntary non-profit - Private,4,,0.95,
390204,NAZARETH HOSPITAL,PA,Acute Care Hospitals,Voluntary non-profit - Private,2,,1.06,
390211,SHARON REGIONAL MEDICAL CENTER,PA,Acute Care Hospitals,Proprietary,3,,0.96,
390217,EXCELA HEALTH - FRICK HOSPITAL,PA,Acute Care Hospitals,Voluntary non-profit - Other,3,,0.93,
390219,EXCELA HEALTH LATROBE HOSPITAL,PA,Acute Care Hospitals,Voluntary non-profit - Private,4,,0.93,
390222,RIDDLE MEMORIAL HOSPITAL,PA,Acute Care Hospitals,Voluntary non-profit - Private,4,,0.99,
390223,PENN PRESBYTERIAN MEDICAL CENTER,PA,Acute Care Hospitals,Voluntary non-profit - Other,4,,0.99,
390225,WELLSPAN EPHRATA COMMUNITY HOSPITAL,PA,Acute Care Hospitals,Voluntary non-profit - Other,5,,0.93,
390226,PENNSYLVANIA HOSPITAL,PA,Acute Care Hospitals,Voluntary non-profit - Private,4,,1.01,
390228,ST CLAIR HOSPITAL,PA,Acute Care Hospitals,Voluntary non-profit - Private,4,,0.94,
390231,JEFFERSON ABINGTON HOSPITAL,PA,Acute Care Hospitals,Voluntary non-profit - Private,3,,0.97,
390233,UPMC HANOVER,PA,Acute Care Hospitals,Voluntary non-profit - Private,4,,1.01,
390237,REGIONAL HOSPITAL OF SCRANTON,PA,Acute Care Hospitals,Proprietary,2,,1.08,
390256,MILTON S HERSHEY MEDICAL CENTER,PA,Acute Care Hospitals,Voluntary non-profit - Private,4,,1.05,
390258,ST MARY MEDICAL CENTER,PA,Acute Care Hospitals,Voluntary non-profit - Private,2,,1.07,
390265,JEFFERSON HOSPITAL,PA,Acute Care Hospitals,Voluntary non-profit - Private,4,,0.97,
390266,GROVE CITY MEDICAL CENTER,PA,Acute Care Hospitals,Voluntary non-profit - Private,4,,0.81,
390267,FORBES HOSPITAL,PA,Acute Care Hospitals,Voluntary non-profit - Private,3,,1.03,
390268,MOUNT NITTANY MEDICAL CENTER,PA,Acute Care Hospitals,Voluntary non-profit - Private,5,,1.03,
390270,GEISINGER WYOMING VALLEY MEDICAL CENTER,PA,Acute Care Hospitals,Voluntary non-profit - Private,4,,1.0,
390304,ROXBOROUGH MEMORIAL HOSPITAL,PA,Acute Care Hospitals,Proprietary,2,,0.98,
390328,UPMC EAST,PA,Acute Care Hospitals,Voluntary non-profit - Private,4,,1.0,
390329,JEFFERSON EINSTEIN MONTGOMERY HOSPITAL,PA,Acute Care Hospitals,Voluntary non-profit - Private,4,,1.04,
390330,ST LUKE'S HOSPITAL - MONROE CAMPUS,PA,Acute Care Hospitals,Voluntary non-profit - Private,5,,0.92,
390332,GEISINGER ST. LUKE'S  HOSPITAL,PA,Acute Care Hospitals,Voluntary non-profit - Private,5,,0.94,
390334,AHN WEXFORD HOSPITAL,PA,Acute Care Hospitals,Voluntary non-profit - Private,5,,0.96,
390335,ST LUKE'S HOSPITAL - CARBON CAMPUS,PA,Acute Care Hospitals,Voluntary non-profit - Private,5,,0.93,
390336,PENN STATE HEALTH HAMPDEN MEDICAL CENTER,PA,Acute Care Hospitals,Voluntary non-profit - Private,4,,1.1,
390338,LEHIGH VALLEY HOSPITAL - DICKSON CITY,PA,Acute Care Hospitals,Voluntary non-profit - Private,3,,1.01,
390339,PENN STATE HEALTH LANCASTER MEDICAL CENTER,PA,Acute Care Hospitals,Voluntary non-profit - Private,3,,0.99,
410004,ROGER WILLIAMS MEDICAL CENTER,RI,Acute Care Hospitals,Proprietary,3,,1.02,
410005,OUR LADY OF FATIMA HOSPITAL,RI,Acute Care Hospitals,Proprietary,3,,1.02,
410006,NEWPORT HOSPITAL,RI,Acute Care Hospitals,Voluntary non-profit - Private,4,,0.99,
410007,RHODE ISLAND HOSPITAL,RI,Acute Care Hospitals,Voluntary non-profit - Private,4,,1.02,
410008,SOUTH COUNTY HOSPITAL INC,RI,Acute Care Hospitals,Voluntary non-profit - Private,4,,0.95,
410009,KENT COUNTY MEMORIAL HOSPITAL,RI,Acute Care Hospitals,Proprietary,3,,1.03,
410010,WOMEN & INFANTS HOSPITAL OF RHODE ISLAND,RI,Acute Care Hospitals,Voluntary non-profit - Private,4,,1.04,
410011,LANDMARK MEDICAL CENTER,RI,Acute Care Hospitals,Voluntary non-profit - Private,2,,0.97,
410012,THE MIRIAM HOSPITAL,RI,Acute Care Hospitals,Voluntary non-profit - Private,4,,0.96,
410013,WESTERLY HOSPITAL,RI,Acute Care Hospitals,Voluntary non-profit - Private,4,,0.94,
420002,PIEDMONT MEDICAL CENTER,SC,Acute Care Hospitals,Proprietary,2,,1.03,
420004,MUSC MEDICAL CENTER,SC,Acute Care Hospitals,Government - Hospital District or Authority,2,,0.98,
420005,MCLEOD MEDICAL CENTER - DILLON,SC,Acute Care Hospitals,Voluntary non-profit - Private,3,,0.87,
420007,SPARTANBURG MEDICAL CENTER,SC,Acute Care Hospitals,Government - Hospital District or Authority,2,,1.03,
420009,PRISMA HEALTH OCONEE MEMORIAL HOSPITAL,SC,Acute Care Hospitals,Voluntary non-profit - Private,4,,1.0,
420010,CAROLINA PINES REGIONAL MEDICAL CENTER,SC,Acute Care Hospitals,Proprietary,2,,1.01,
420015,PRISMA HEALTH BAPTIST EASLEY HOSPITAL,SC,Acute Care Hospitals,Voluntary non-profit - Private,4,,0.96,
420018,PRISMA HEALTH RICHLAND HOSPITAL,SC,Acute Care Hospitals,Voluntary non-profit - Private,3,,1.05,
420020,TIDELANDS GEORGETOWN MEMORIAL HOSPITAL,SC,Acute Care Hospitals,Voluntary non-profit - Private,2,,0.94,
420023,ST FRANCIS-DOWNTOWN,SC,Acute Care Hospitals,Voluntary non-profit - Private,4,,1.01,
420026,MUSC HEALTH COLUMBIA MEDICAL CENTER DOWNTOWN,SC,Acute Care Hospitals,Voluntary non-profit - Private,3,,1.02,
420027,ANMED HEALTH,SC,Acute Care Hospitals,Voluntary non-profit - Private,4,,1.11,
420030,COLLETON MEDICAL CENTER,SC,Acute Care Hospitals,Proprietary,3,,0.95,
420033,PRISMA HEALTH GREER MEMORIAL HOSPITAL,SC,Acute Care Hospitals,Voluntary non-profit - Private,5,,0.95,
420036,MUSC HEALTH LANCASTER MEDICAL CENTER,SC,Acute Care Hospitals,Proprietary,4,,1.07,
420037,PRISMA HEALTH HILLCREST HOSPITAL,SC,Acute Care Hospitals,Voluntary non-profit - Private,4,,0.98,
420038,PRISMA HEALTH LAURENS COUNTY HOSPITAL,SC,Acute Care Hospitals,Voluntary non-profit - Private,4,,0.93,
420043,CHEROKEE MEDICAL CENTER,SC,Acute Care Hospitals,Government - Hospital District or Authority,2,,0.95,
420048,KERSHAWHEALTH,SC,Acute Care Hospitals,Proprietary,3,,1.1,
420049,CONWAY MEDICAL CENTER,SC,Acute Care Hospitals,Voluntary non-profit - Private,2,,1.03,
420051,MCLEOD REGIONAL MEDICAL CENTER-PEE DEE,SC,Acute Care Hospitals,Voluntary non-profit - Private,3,,1.0,
420053,NEWBERRY COUNTY MEMORIAL HOSPITAL,SC,Acute Care Hospitals,Voluntary non-profit - Other,3,,1.01,
420055,MUSC HEALTH MARION MEDICAL CENTER,SC,Acute Care Hospitals,Government - State,3,,0.95,
420065,BON SECOURS-ST FRANCIS XAVIER HOSPITAL,SC,Acute Care Hospitals,Voluntary non-profit - Private,3,,1.01,
420067,BEAUFORT COUNTY MEMORIAL HOSPITAL,SC,Acute Care Hospitals,Government - Local,4,,0.96,
420070,PRISMA HEALTH TUOMEY HOSPITAL,SC,Acute Care Hospitals,Voluntary non-profit - Private,3,,0.95,
420071,SELF REGIONAL HEALTHCARE,SC,Acute Care Hospitals,Voluntary non-profit - Private,4,,1.07,
420073,LEXINGTON MEDICAL CENTER,SC,Acute Care Hospitals,Voluntary non-profit - Private,3,,1.0,
420078,PRISMA HEALTH GREENVILLE MEMORIAL HOSPITAL,SC,Acute Care Hospitals,Voluntary non-profit - Private,4,,1.03,
420079,TRIDENT MEDICAL CENTER,SC,Acute Care Hospitals,Proprietary,3,,1.01,
420080,NOVANT HEALTH HILTON HEAD MEDICAL CENTER,SC,Acute Care Hospitals,Voluntary non-profit - Other,2,,1.02,
420082,AIKEN REGIONAL MEDICAL CENTER,SC,Acute Care Hospitals,Proprietary,2,,0.95,
420085,GRAND STRAND REGIONAL MEDICAL CENTER,SC,Acute Care Hospitals,Proprietary,2,,0.96,
420086,PRISMA HEALTH BAPTIST,SC,Acute Care Hospitals,Voluntary non-profit - Private,4,,1.04,
420087,ROPER HOSPITAL,SC,Acute Care Hospitals,Voluntary non-profit - Private,4,,1.02,
420089,NOVANT HEALTH EAST COOPER MEDICAL CENTER,SC,Acute Care Hospitals,Proprietary,4,,0.99,
420091,MUSC HEALTH FLORENCE MEDICAL CENTER,SC,Acute Care Hospitals,Government - State,3,,0.98,
420098,TIDELANDS WACCAMAW COMMUNITY HOSPITAL,SC,Acute Care Hospitals,Voluntary non-profit - Private,4,,0.99,
420101,COASTAL CAROLINA HOSPITAL,SC,Acute Care Hospitals,Proprietary,4,,1.03,
420102,PRISMA HEALTH  PATEWOOD HOSPITAL,SC,Acute Care Hospitals,Voluntary non-profit - Private,5,,0.9,
420103,PELHAM MEDICAL CENTER,SC,Acute Care Hospitals,Government - Hospital District or Authority,5,,1.03,
420104,MOUNT PLEASANT HOSPITAL,SC,Acute Care Hospitals,Voluntary non-profit - Private,5,,0.97,
420105,MCLEOD LORIS  HOSPITAL,SC,Acute Care Hospitals,Voluntary non-profit - Private,4,,1.0,
420106,PRISMA HEALTH BAPTIST PARKRIDGE,SC,Acute Care Hospitals,Voluntary non-profit - Private,4,,0.98,
420107,MCLEOD HEALTH CHERAW,SC,Acute Care Hospitals,Voluntary non-profit - Private,3,,1.04,
420109,MCLEOD HEALTH CLARENDON,SC,Acute Care Hospitals,Voluntary non-profit - Private,3,,0.94,
420110,ROPER ST FRANCIS HOSPITAL-BERKELEY INC,SC,Acute Care Hospitals,Voluntary non-profit - Private,5,,0.96,
430005,"PRAIRIE LAKES HEALTHCARE SYSTEM, INC",SD,Acute Care Hospitals,Voluntary non-profit - Private,3,,0.98,
430008,BROOKINGS HEALTH SYSTEM,SD,Acute Care Hospitals,Government - Local,4,,0.91,
430012,AVERA SACRED HEART HOSPITAL,SD,Acute Care Hospitals,Voluntary non-profit - Private,3,,0.94,
430014,AVERA ST LUKES,SD,Acute Care Hospitals,Voluntary non-profit - Church,4,,1.02,
430015,AVERA ST MARY'S HOSPITAL,SD,Acute Care Hospitals,Voluntary non-profit - Private,2,,0.93,
430016,AVERA MCKENNAN HOSPITAL & UNIVERSITY HEALTH CENTER,SD,Acute Care Hospitals,Voluntary non-profit - Private,4,,1.02,
430027,SANFORD USD MEDICAL CENTER,SD,Acute Care Hospitals,Voluntary non-profit - Private,5,,1.07,
430048,MONUMENT HEALTH SPEARFISH HOSPITAL,SD,Acute Care Hospitals,Voluntary non-profit - Private,4,,0.92,
430077,MONUMENT HEALTH RAPID CITY HOSPITAL,SD,Acute Care Hospitals,Voluntary non-profit - Private,3,,1.0,
430095,AVERA HEART HOSPITAL OF SOUTH DAKOTA,SD,Acute Care Hospitals,Proprietary,5,,1.02,
430097,SANFORD MEDICAL CENTER ABERDEEN,SD,Acute Care Hospitals,Voluntary non-profit - Private,4,,0.91,
440002,JACKSON-MADISON COUNTY GENERAL HOSPITAL,TN,Acute Care Hospitals,Government - Hospital District or Authority,3,,1.1,
440003,HIGHPOINT HEALTH-SUMNER WITH ASCENSION SAINT THOMA,TN,Acute Care Hospitals,Proprietary,3,,1.01,
440006,TRISTAR SKYLINE MEDICAL CENTER,TN,Acute Care Hospitals,Voluntary non-profit - Private,2,,1.07,
440007,UNITY MEDICAL CENTER,TN,Acute Care Hospitals,Voluntary non-profit - Private,3,,1.15,
440009,CUMBERLAND MEDICAL CENTER,TN,Acute Care Hospitals,Voluntary non-profit - Private,4,,0.95,
440011,BLOUNT MEMORIAL HOSPITAL,TN,Acute Care Hospitals,Government - Local,2,,0.97,
440012,WELLMONT BRISTOL REGIONAL MEDICAL CENTER,TN,Acute Care Hospitals,Government - Hospital District or Authority,2,,1.04,
440015,"UNIVERSITY HEALTH SYSTEM, INC",TN,Acute Care Hospitals,Voluntary non-profit - Private,4,,0.99,
440016,BAPTIST MEMORIAL HOSPITAL - CARROLL COUNTY,TN,Acute Care Hospitals,Voluntary non-profit - Private,4,23,1.02,
440017,WELLMONT HOLSTON VALLEY MEDICAL CENTER,TN,Acute Care Hospitals,Voluntary non-profit - Private,2,,1.1,
440018,SYCAMORE SHOALS HOSPITAL,TN,Acute Care Hospitals,Voluntary non-profit - Private,2,,1.1,
440020,SOUTHERN TENNESSEE REGIONAL HEALTH SYSTEM PULASKI,TN,Acute Care Hospitals,Proprietary,3,,0.94,
440029,WILLIAMSON MEDICAL CENTER,TN,Acute Care Hospitals,Government - Hospital District or Authority,5,,1.02,
440030,MORRISTOWN HAMBLEN HOSPITAL ASSOCIATION,TN,Acute Care Hospitals,Government - Local,2,,0.96,
440031,ROANE MEDICAL CENTER,TN,Acute Care Hospitals,Government - Hospital District or Authority,4,,0.87,
440033,LAFOLLETTE MEDICAL CENTER,TN,Acute Care Hospitals,Voluntary non-profit - Church,3,,1.11,
440034,METHODIST MEDICAL CENTER OF OAK RIDGE,TN,Acute Care Hospitals,Voluntary non-profit - Private,4,,0.95,
440035,VANDERBILT CLARKSVILLE HOSPITAL,TN,Acute Care Hospitals,Proprietary,1,,1.01,
440039,VANDERBILT UNIVERSITY MEDICAL CENTER,TN,Acute Care Hospitals,Voluntary non-profit - Private,5,,1.0,
440046,TRISTAR HORIZON MEDICAL CENTER,TN,Acute Care Hospitals,Proprietary,3,,1.03,
440048,BAPTIST MEMORIAL HOSPITAL,TN,Acute Care Hospitals,Voluntary non-profit - Private,3,23,0.99,
440049,METHODIST HOSPITALS OF MEMPHIS,TN,Acute Care Hospitals,Voluntary non-profit - Church,3,,1.03,
440050,GREENEVILLE COMMUNITY HOSPITAL,TN,Acute Care Hospitals,Voluntary non-profit - Private,2,,0.99,
440053,SAINT THOMAS RUTHERFORD HOSPITAL,TN,Acute Care Hospitals,Voluntary non-profit - Church,3,29,1.04,29
440056,TENNOVA HEALTHCARE-JEFFERSON MEMORIAL HOSPITAL,TN,Acute Care Hospitals,Proprietary,2,,0.99,
440058,SOUTHERN TENNESSEE REGIONAL HEALTH SYSTEM WINCHEST,TN,Acute Care Hospitals,Proprietary,3,,1.01,
440059,COOKEVILLE REGIONAL MEDICAL CENTER,TN,Acute Care Hospitals,Government - Local,2,,0.98,
440061,VOLUNTEER COMMUNITY HOSPITAL,TN,Acute Care Hospitals,Proprietary,2,,1.2,
440063,JOHNSON CITY MEDICAL CENTER,TN,Acute Care Hospitals,Voluntary non-profit - Private,1,,1.06,
440065,TRISTAR NORTHCREST MEDICAL CENTER,TN,Acute Care Hospitals,Voluntary non-profit - Other,3,,0.95,
440068,STARR REGIONAL MEDICAL CENTER ATHENS,TN,Acute Care Hospitals,Proprietary,3,,0.94,
440072,DYERSBURG REGIONAL MEDICAL CENTER,TN,Acute Care Hospitals,Proprietary,4,,1.13,
440073,MAURY REGIONAL HOSPITAL,TN,Acute Care Hospitals,Government - Local,3,,1.06,
440081,LECONTE MEDICAL CENTER,TN,Acute Care Hospitals,Voluntary non-profit - Other,5,,0.94,
440082,ASCENSION SAINT THOMAS HOSPITAL,TN,Acute Care Hospitals,Voluntary non-profit - Private,3,29,1.02,29
440084,SWEETWATER HOSPITAL ASSOCIATION,TN,Acute Care Hospitals,Voluntary non-profit - Private,1,,1.0,
440091,"MEMORIAL HEALTHCARE SYSTEM, INC",TN,Acute Care Hospitals,Voluntary non-profit - Church,5,,1.03,
440102,LINCOLN MEDICAL CENTER,TN,Acute Care Hospitals,Government - Local,3,,1.23,
440104,ERLANGER MEDICAL CENTER,TN,Acute Care Hospitals,Government - Hospital District or Authority,4,,1.06,
440109,HARDIN MEDICAL CENTER,TN,Acute Care Hospitals,Government - Local,2,,1.0,
440110,FORT LOUDOUN MEDICAL CENTER,TN,Acute Care Hospitals,Voluntary non-profit - Other,4,,1.03,
440111,METRO NASHVILLE GENERAL HOSPITAL,TN,Acute Care Hospitals,Government - Hospital District or Authority,4,,1.05,
440120,PHYSICIANS REGIONAL MEDICAL CENTER,TN,Acute Care Hospitals,Proprietary,3,,1.04,
440125,FORT SANDERS REGIONAL MEDICAL CENTER,TN,Acute Care Hospitals,Voluntary non-profit - Private,3,,1.0,
440130,BAPTIST MEMORIAL HOSPITAL UNION CITY,TN,Acute Care Hospitals,Voluntary non-profit - Private,4,,1.16,
440131,BAPTIST MEMORIAL HOSPITAL TIPTON,TN,Acute Care Hospitals,Voluntary non-profit - Church,3,,0.95,
440132,WEST TENNESSEE HEALTHCARE HENRY COUNTY HOSPITAL,TN,Acute Care Hospitals,Government - Hospital District or Authority,3,,1.01,
440137,VANDERBILT BEDFORD HOSPITAL,TN,Acute Care Hospitals,Proprietary,4,,0.91,
440144,VANDERBILT TULLAHOMA-HARTON HOSPITAL,TN,Acute Care Hospitals,Voluntary non-profit - Other,3,,0.99,
440150,TRISTAR SUMMIT MEDICAL CENTER,TN,Acute Care Hospitals,Proprietary,4,,0.98,
440151,SAINT THOMAS RIVER PARK HOSPITAL,TN,Acute Care Hospitals,Voluntary non-profit - Private,3,29,1.07,29
440152,REGIONAL ONE HEALTH,TN,Acute Care Hospitals,Government - Hospital District or Authority,1,,1.14,
440153,TENNOVA HEALTHCARE - NEWPORT MEDICAL CENTER,TN,Acute Care Hospitals,Proprietary,4,,0.85,
440156,PARKRIDGE MEDICAL CENTER,TN,Acute Care Hospitals,Proprietary,4,,0.98,
440161,TRISTAR CENTENNIAL MEDICAL CENTER,TN,Acute Care Hospitals,Proprietary,4,,1.0,
440173,PARKWEST MEDICAL CENTER,TN,Acute Care Hospitals,Voluntary non-profit - Private,3,,0.97,
440175,SOUTHERN TENNESSEE REGIONAL HEALTH SYSTEM LAWRENCE,TN,Acute Care Hospitals,Voluntary non-profit - Other,3,,1.07,
440183,ST FRANCIS HOSPITAL,TN,Acute Care Hospitals,Proprietary,1,,1.04,
440184,FRANKLIN WOODS COMMUNITY HOSPITAL,TN,Acute Care Hospitals,Voluntary non-profit - Private,3,,0.95,
440185,AFFILIATE OF VITRUVIAN HEALTH,TN,Acute Care Hospitals,Proprietary,2,,1.0,
440187,LIVINGSTON REGIONAL HOSPITAL,TN,Acute Care Hospitals,Proprietary,2,,1.09,
440193,VANDERBILT WILSON COUNTY HOSPITAL,TN,Acute Care Hospitals,Voluntary non-profit - Private,5,,0.96,
440194,TRISTAR HENDERSONVILLE MEDICAL CENTER,TN,Acute Care Hospitals,Proprietary,4,,0.95,
440197,TRISTAR SOUTHERN HILLS MEDICAL CENTER,TN,Acute Care Hospitals,Proprietary,4,,1.08,
440227,TRISTAR STONECREST MEDICAL CENTER,TN,Acute Care Hospitals,Proprietary,4,,0.98,
440228,SAINT FRANCIS BARTLETT MEDICAL CENTER,TN,Acute Care Hospitals,Proprietary,1,,0.96,
450002,THE HOSPITALS OF PROVIDENCE - MEMORIAL CAMPUS,TX,Acute Care Hospitals,Proprietary,2,,1.04,
450007,PETERSON REGIONAL MEDICAL CENTER,TX,Acute Care Hospitals,Voluntary non-profit - Private,4,,0.97,
450010,UNITED REGIONAL HEALTH CARE SYSTEM,TX,Acute Care Hospitals,Voluntary non-profit - Private,3,,1.18,
450011,CHI ST JOSEPH HEALTH REGIONAL HOSPITAL,TX,Acute Care Hospitals,Voluntary non-profit - Private,2,,1.07,
450015,PARKLAND HEALTH & HOSPITAL SYSTEM,TX,Acute Care Hospitals,Government - Hospital District or Authority,3,,0.86,
450018,UNIVERSITY OF TEXAS MEDICAL BRANCH GALVESTON,TX,Acute Care Hospitals,Government - State,3,,1.06,
450021,BAYLOR UNIVERSITY MEDICAL CENTER,TX,Acute Care Hospitals,Voluntary non-profit - Private,4,,1.02,
450023,CITIZENS MEDICAL CENTER,TX,Acute Care Hospitals,Voluntary non-profit - Other,3,,1.22,
450024,UNIVERSITY MEDICAL CENTER OF EL PASO,TX,Acute Care Hospitals,Physician,3,,1.12,
450028,VALLEY BAPTIST MEDICAL CENTER- BROWNSVILLE,TX,Acute Care Hospitals,Proprietary,3,,1.05,
450029,LAREDO MEDICAL CENTER,TX,Acute Care Hospitals,Proprietary,4,,0.98,
450032,CHRISTUS GOOD SHEPHERD MEDICAL CENTER,TX,Acute Care Hospitals,Voluntary non-profit - Private,4,,1.01,
450033,VHS HARLINGEN HOSPITAL COMPANY LLC,TX,Acute Care Hospitals,Proprietary,2,,1.04,
450034,CHRISTUS SOUTHEAST TEXAS- ST ELIZABETH,TX,Acute Care Hospitals,Voluntary non-profit - Private,4,,1.09,
450035,ST JOSEPH MEDICAL CENTER,TX,Acute Care Hospitals,Physician,3,,1.02,
450039,JPS HEALTH NETWORK,TX,Acute Care Hospitals,Government - Hospital District or Authority,4,,1.03,
450040,COVENANT MEDICAL CENTER,TX,Acute Care Hospitals,Voluntary non-profit - Private,3,,1.13,
450042,ASCENSION PROVIDENCE,TX,Acute Care Hospitals,Voluntary non-profit - Private,2,29,0.98,29
450044,UT OF TEXAS  SOUTHWESTERN UNIVERSITY HOSPITAL - WILLIAM P. CLEMENTS JR.,TX,Acute Care Hospitals,Government - State,4,,0.98,
450046,CHRISTUS SPOHN HOSPITAL CORPUS CHRISTI,TX,Acute Care Hospitals,Voluntary non-profit - Private,3,,1.09,
450051,METHODIST DALLAS MEDICAL CENTER,TX,Acute Care Hospitals,Voluntary non-profit - Other,3,,1.01,
450054,BAYLOR SCOTT & WHITE MEDICAL CENTER - TEMPLE,TX,Acute Care Hospitals,Voluntary non-profit - Private,5,,0.98,
450056,ASCENSION SETON MEDICAL CENTER AUSTIN,TX,Acute Care Hospitals,Voluntary non-profit - Private,3,29,1.01,29
450058,BAPTIST MEDICAL CENTER,TX,Acute Care Hospitals,Proprietary,3,,1.06,
450064,TEXAS HEALTH ARLINGTON MEMORIAL HOSPITAL,TX,Acute Care Hospitals,Voluntary non-profit - Private,4,,1.05,
450068,MEMORIAL HERMANN - TEXAS MEDICAL CENTER,TX,Acute Care Hospitals,Voluntary non-profit - Private,4,,1.03,
450072,CHI ST LUKE'S HEALTH BRAZOSPORT,TX,Acute Care Hospitals,Voluntary non-profit - Private,4,,1.04,
450079,BAYLOR SCOTT & WHITE MEDICAL CENTER AT IRVING,TX,Acute Care Hospitals,Voluntary non-profit - Private,5,,1.0,
450080,TITUS REGIONAL MEDICAL CENTER,TX,Acute Care Hospitals,Government - Hospital District or Authority,3,,0.98,
450082,CHRISTUS SPOHN HOSPITAL BEEVILLE,TX,Acute Care Hospitals,Voluntary non-profit - Private,2,,1.16,
450083,UT HEALTH EAST TEXAS TYLER REGIONAL HOSPITAL,TX,Acute Care Hospitals,Proprietary,2,,1.07,
450087,MEDICAL CITY NORTH HILLS,TX,Acute Care Hospitals,Proprietary,2,,1.02,
450090,NORTH TEXAS MEDICAL CENTER,TX,Acute Care Hospitals,Voluntary non-profit - Private,4,,1.04,
450092,FORT DUNCAN MEDICAL CENTER,TX,Acute Care Hospitals,Proprietary,3,,1.2,
450097,HCA HOUSTON HEALTHCARE SOUTHEAST,TX,Acute Care Hospitals,Proprietary,3,,1.11,
450101,BAYLOR SCOTT & WHITE MEDICAL CENTER HILLCREST,TX,Acute Care Hospitals,Voluntary non-profit - Private,4,,1.04,
450102,CHRISTUS MOTHER FRANCES HOSPITAL,TX,Acute Care Hospitals,Voluntary non-profit - Private,4,,1.1,
450104,GUADALUPE REGIONAL MEDICAL CENTER,TX,Acute Care Hospitals,Government - Local,2,,1.13,
450107,LAS PALMAS MEDICAL CENTER A CAMPUS OF LPDS HEALTHC,TX,Acute Care Hospitals,Proprietary,2,,1.07,
450108,CONNALLY MEMORIAL MEDICAL CENTER,TX,Acute Care Hospitals,Government - Hospital District or Authority,3,,1.11,
450119,SOUTH TEXAS HEALTH SYSTEM,TX,Acute Care Hospitals,Proprietary,4,,1.05,
450124,DELL SETON  MED CENTER AT THE UNIVERSITY OF TX,TX,Acute Care Hospitals,Voluntary non-profit - Private,4,29,1.09,29
450128,KNAPP MEDICAL CENTER,TX,Acute Care Hospitals,Voluntary non-profit - Private,5,,0.99,
450132,MEDICAL CENTER HOSPITAL,TX,Acute Care Hospitals,Government - Hospital District or Authority,3,,1.11,
450133,MIDLAND MEMORIAL HOSPITAL,TX,Acute Care Hospitals,Government - Hospital District or Authority,1,,1.15,
450135,TEXAS HEALTH HARRIS METHODIST FORT WORTH,TX,Acute Care Hospitals,Voluntary non-profit - Private,4,,1.04,
450137,BAYLOR SCOTT AND WHITE ALL SAINTS MEDICAL CENTER,TX,Acute Care Hospitals,Voluntary non-profit - Private,4,,1.02,
450147,DE TAR HOSPITAL NAVARRO,TX,Acute Care Hospitals,Proprietary,2,,1.16,
450148,TEXAS HEALTH HARRIS METHODIST HOSPITAL CLEBURNE,TX,Acute Care Hospitals,Voluntary non-profit - Private,5,,1.0,
450152,ADVENTHEALTH CENTRAL TEXAS,TX,Acute Care Hospitals,Voluntary non-profit - Church,3,,1.0,
450154,VAL VERDE REGIONAL MEDICAL CENTER,TX,Acute Care Hospitals,Government - Hospital District or Authority,3,,0.99,
450163,CHRISTUS SPOHN HOSPITAL KLEBERG,TX,Acute Care Hospitals,Voluntary non-profit - Private,2,,1.01,
450165,METHODIST HOSPITAL ATASCOSA,TX,Acute Care Hospitals,Proprietary,3,,0.96,
450176,MISSION REGIONAL MEDICAL CENTER,TX,Acute Care Hospitals,Voluntary non-profit - Private,4,,0.95,
450184,MEMORIAL HERMANN HOSPITAL SYSTEM,TX,Acute Care Hospitals,Voluntary non-profit - Private,3,,1.0,
450193,Baylor St Lukes Medical Center,TX,Acute Care Hospitals,Voluntary non-profit - Church,4,,1.04,
450196,PARIS REGIONAL MEDICAL CENTER,TX,Acute Care Hospitals,Proprietary,1,,1.06,
450203,MEDICAL CITY WEATHERFORD,TX,Acute Care Hospitals,Proprietary,2,,1.08,
450209,NORTHWEST TEXAS HOSPITAL,TX,Acute Care Hospitals,Voluntary non-profit - Private,3,,1.13,
450210,UT HEALTH EAST TEXAS CARTHAGE HOSPITAL,TX,Acute Care Hospitals,Proprietary,5,,0.86,
450211,CHI ST LUKES HEALTH MEMORIAL LUFKIN,TX,Acute Care Hospitals,Voluntary non-profit - Private,2,,1.04,
450213,UNIVERSITY HEALTH SYSTEM,TX,Acute Care Hospitals,Government - Hospital District or Authority,3,,1.03,
450222,HCA HOUSTON HEALTHCARE CONROE,TX,Acute Care Hospitals,Proprietary,2,,1.15,
450229,HENDRICK MEDICAL CENTER,TX,Acute Care Hospitals,Voluntary non-profit - Private,3,,1.1,
450231,BSA HOSPITAL,TX,Acute Care Hospitals,Proprietary,2,,1.06,
450236,CHRISTUS MOTHER FRANCES HOSPITAL SULPHUR SPRINGS,TX,Acute Care Hospitals,Voluntary non-profit - Private,4,,1.04,
450237,CHRISTUS SANTA ROSA MEDICAL CENTER,TX,Acute Care Hospitals,Voluntary non-profit - Private,3,,1.1,
450272,CHRISTUS SANTA ROSA HOSPITAL-SAN MARCOS,TX,Acute Care Hospitals,Voluntary non-profit - Church,4,,1.15,
450289,HARRIS HEALTH,TX,Acute Care Hospitals,Government - Hospital District or Authority,3,,0.98,
450324,TEXOMA MEDICAL CENTER,TX,Acute Care Hospitals,Proprietary,4,,1.02,
450330,OAKBEND MEDICAL CENTER,TX,Acute Care Hospitals,Government - Hospital District or Authority,3,,1.12,
450346,BAPTIST BEAUMONT HOSPITAL,TX,Acute Care Hospitals,Voluntary non-profit - Private,3,,1.03,
450347,HUNTSVILLE MEMORIAL HOSPITAL,TX,Acute Care Hospitals,Voluntary non-profit - Private,2,,1.13,
450351,TEXAS HEALTH HARRIS METHODIST HOSPITAL STEPHENVILL,TX,Acute Care Hospitals,Voluntary non-profit - Private,4,,0.89,
450352,HUNT REGIONAL MEDICAL CENTER,TX,Acute Care Hospitals,Government - Hospital District or Authority,2,,1.05,
450358,HOUSTON METHODIST HOSPITAL,TX,Acute Care Hospitals,Voluntary non-profit - Private,5,,0.98,
450370,COLUMBUS COMMUNITY HOSPITAL,TX,Acute Care Hospitals,Voluntary non-profit - Private,2,,1.42,
450372,BAYLOR SCOTT & WHITE MEDICAL CENTER- WAXAHACHIE,TX,Acute Care Hospitals,Voluntary non-profit - Private,4,,1.09,
450379,DALLAS MEDICAL CENTER,TX,Acute Care Hospitals,Proprietary,3,,1.04,
450388,METHODIST HOSPITAL,TX,Acute Care Hospitals,Proprietary,4,,1.04,
450389,UT HEALTH EAST TEXAS ATHENS HOSPITAL,TX,Acute Care Hospitals,Proprietary,2,,1.08,
450395,CHI ST LUKES HEALTH MEMORIAL LIVINGSTON,TX,Acute Care Hospitals,Voluntary non-profit - Private,4,,0.97,
450403,MEDICAL CENTER OF MCKINNEY,TX,Acute Care Hospitals,Proprietary,3,,1.08,
450419,TEXAS HEALTH HARRIS METHODIST HOSPITAL AZLE,TX,Acute Care Hospitals,Voluntary non-profit - Private,4,,1.02,
450424,HOUSTON METHODIST BAYTOWN HOSPITAL,TX,Acute Care Hospitals,Voluntary non-profit - Private,5,,1.02,
450431,ST DAVID'S MEDICAL CENTER,TX,Acute Care Hospitals,Proprietary,4,,1.06,
450447,NAVARRO REGIONAL HOSPITAL,TX,Acute Care Hospitals,Government - Hospital District or Authority,2,,1.02,
450462,TEXAS HEALTH PRESBYTERIAN HOSPITAL DALLAS,TX,Acute Care Hospitals,Voluntary non-profit - Private,4,,1.04,
450465,MATAGORDA REGIONAL MEDICAL CENTER,TX,Acute Care Hospitals,Government - Hospital District or Authority,5,,1.03,
450469,WILSON N JONES REGIONAL MEDICAL CENTER,TX,Acute Care Hospitals,Proprietary,2,,1.15,
450475,UT HEALTH EAST TEXAS HENDERSON HOSPITAL,TX,Acute Care Hospitals,Proprietary,5,,1.03,
450484,WOODLAND HEIGHTS MEDICAL CENTER,TX,Acute Care Hospitals,Proprietary,3,,1.0,
450508,NACOGDOCHES MEMORIAL HOSPITAL,TX,Acute Care Hospitals,Proprietary,2,,1.08,
450518,THE MEDICAL CENTER OF SOUTHEAST TEXAS,TX,Acute Care Hospitals,Physician,3,,1.11,
450537,METHODIST RICHARDSON MEDICAL CENTER,TX,Acute Care Hospitals,Voluntary non-profit - Private,4,,1.19,
450539,COVENANT HOSPITAL PLAINVIEW,TX,Acute Care Hospitals,Voluntary non-profit - Private,4,,0.99,
450563,BAYLOR SCOTT & WHITE MEDICAL CENTER  GRAPEVINE,TX,Acute Care Hospitals,Voluntary non-profit - Private,4,,1.04,
450565,PALO PINTO GENERAL HOSPITAL,TX,Acute Care Hospitals,Government - Hospital District or Authority,3,,0.96,
450571,SHANNON MEDICAL CENTER,TX,Acute Care Hospitals,Voluntary non-profit - Private,3,,1.04,
450573,CHRISTUS JASPER MEMORIAL HOSPITAL,TX,Acute Care Hospitals,Voluntary non-profit - Private,4,,1.07,
450587,HENDRICK MEDICAL CENTER BROWNWOOD,TX,Acute Care Hospitals,Voluntary non-profit - Private,1,,1.1,
450596,LAKE GRANBURY MEDICAL CENTER,TX,Acute Care Hospitals,Proprietary,3,,0.99,
450597,CUERO REGIONAL HOSPITAL,TX,Acute Care Hospitals,Government - Hospital District or Authority,4,,1.23,
450604,HILL COUNTRY MEMORIAL HOSPITAL,TX,Acute Care Hospitals,Proprietary,4,,1.01,
450610,MEMORIAL HERMANN MEMORIAL CITY HOSPITAL,TX,Acute Care Hospitals,Voluntary non-profit - Private,4,,1.0,
450617,HCA HOUSTON HEALTHCARE CLEAR LAKE,TX,Acute Care Hospitals,Proprietary,4,,1.06,
450634,MEDICAL CITY DENTON,TX,Acute Care Hospitals,Proprietary,4,,1.04,
450638,HCA HOUSTON HEALTHCARE NORTHWEST,TX,Acute Care Hospitals,Proprietary,2,,1.07,
450639,TEXAS HEALTH HARRIS METHODIST HURST-EULESS-BEDFORD,TX,Acute Care Hospitals,Voluntary non-profit - Private,4,,1.1,
450641,NOCONA GENERAL HOSPITAL,TX,Acute Care Hospitals,Government - Hospital District or Authority,1,,1.22,
450643,DOCTORS HOSPITAL OF LAREDO,TX,Acute Care Hospitals,Proprietary,4,,0.89,
450644,HCA HOUSTON HEALTHCARE WEST,TX,Acute Care Hospitals,Proprietary,1,,1.0,
450647,MEDICAL CITY DALLAS HOSPITAL,TX,Acute Care Hospitals,Proprietary,3,,1.04,
450651,MEDICAL CITY PLANO,TX,Acute Care Hospitals,Proprietary,3,,1.11,
450654,STARR COUNTY MEMORIAL HOSPITAL,TX,Acute Care Hospitals,Government - Hospital District or Authority,2,,1.01,
450656,NACOGDOCHES MEDICAL CENTER,TX,Acute Care Hospitals,Voluntary non-profit - Other,3,,0.99,
450659,HCA HOUSTON HEALTHCARE MEDICAL CENTER,TX,Acute Care Hospitals,Proprietary,4,,1.02,
450661,ODESSA REGIONAL MEDICAL CENTER,TX,Acute Care Hospitals,Proprietary,3,,0.99,
450662,VALLEY REGIONAL MEDICAL CENTER,TX,Acute Care Hospitals,Proprietary,2,,0.97,
450668,SIERRA MEDICAL CENTER,TX,Acute Care Hospitals,Proprietary,2,,1.06,
450669,MEDICAL CITY LEWISVILLE,TX,Acute Care Hospitals,Voluntary non-profit - Private,3,,1.1,
450670,HCA HOUSTON HEALTHCARE TOMBALL,TX,Acute Care Hospitals,Proprietary,3,,1.12,
450672,MEDICAL CITY FORT WORTH,TX,Acute Care Hospitals,Proprietary,2,,1.09,
450674,"WOMANS HOSPITAL OF TEXAS,THE",TX,Acute Care Hospitals,Proprietary,4,,1.13,
450675,MEDICAL CITY ARLINGTON,TX,Acute Care Hospitals,Proprietary,2,,1.04,
450677,TEXAS HEALTH HUGULEY HOSPITAL FORT WORTH SOUTH,TX,Acute Care Hospitals,Voluntary non-profit - Private,3,,1.05,
450678,WHITE ROCK MEDICAL CENTER,TX,Acute Care Hospitals,Proprietary,2,,1.04,
450684,MEMORIAL HERMANN NORTHEAST HOSPITAL,TX,Acute Care Hospitals,Voluntary non-profit - Private,3,,0.99,
450686,UNIVERSITY MEDICAL CENTER,TX,Acute Care Hospitals,Government - Hospital District or Authority,2,,1.16,
450688,DALLAS REGIONAL MEDICAL CENTER,TX,Acute Care Hospitals,Proprietary,3,,1.06,
450690,UNIVERSITY OF TEXAS HEALTH SCIENCE CENTER AT TYLER,TX,Acute Care Hospitals,Government - State,4,,1.05,
450694,EL CAMPO MEMORIAL HOSPITAL,TX,Acute Care Hospitals,Voluntary non-profit - Other,3,,1.13,
450702,LONGVIEW REGIONAL MEDICAL CENTER,TX,Acute Care Hospitals,Proprietary,3,,1.04,
450709,HOUSTON METHODIST CLEAR LAKE HOSPITAL,TX,Acute Care Hospitals,Voluntary non-profit - Private,5,,1.08,
450711,RIO GRANDE REGIONAL HOSPITAL,TX,Acute Care Hospitals,Proprietary,4,,1.01,
450713,ST DAVID'S SOUTH AUSTIN MEDICAL CENTER,TX,Acute Care Hospitals,Proprietary,3,,1.06,
450718,ROUND ROCK MEDICAL CENTER,TX,Acute Care Hospitals,Proprietary,3,,1.05,
450723,METHODIST CHARLTON MEDICAL CENTER,TX,Acute Care Hospitals,Voluntary non-profit - Private,3,,1.1,
450730,CARROLLTON REGIONAL MEDICAL CENTER,TX,Acute Care Hospitals,Proprietary,2,,1.12,
450742,BAYLOR SCOTT AND WHITE MEDICAL CENTER LAKE POINTE,TX,Acute Care Hospitals,Voluntary non-profit - Private,4,,1.02,
450743,TEXAS HEALTH PRESBYTERIAN HOSPITAL DENTON,TX,Acute Care Hospitals,Voluntary non-profit - Private,5,,1.05,
450747,PALESTINE REGIONAL MEDICAL CENTER,TX,Acute Care Hospitals,Proprietary,1,,1.1,
450771,TEXAS HEALTH PRESBYTERIAN HOSPITAL PLANO,TX,Acute Care Hospitals,Voluntary non-profit - Private,4,,1.07,
450775,HCA HOUSTON HEALTHCARE KINGWOOD,TX,Acute Care Hospitals,Proprietary,3,,1.1,
450779,TEXAS HEALTH HARRIS METHODIST HOSPITAL SOUTHWEST F,TX,Acute Care Hospitals,Voluntary non-profit - Private,5,,1.0,
450788,"CORPUS CHRISTI MEDICAL CENTER,THE",TX,Acute Care Hospitals,Voluntary non-profit - Other,4,,1.04,
450801,CHRISTUS ST MICHAEL HEALTH SYSTEM,TX,Acute Care Hospitals,Voluntary non-profit - Private,3,,1.07,
450809,NORTH AUSTIN MEDICAL CENTER,TX,Acute Care Hospitals,Proprietary,3,,1.01,
450820,HOUSTON METHODIST SUGARLAND HOSPITAL,TX,Acute Care Hospitals,Voluntary non-profit - Private,5,,0.99,
450822,MEDICAL CITY LAS COLINAS,TX,Acute Care Hospitals,Proprietary,4,,0.98,
450828,CHRISTUS SPOHN HOSPITAL ALICE,TX,Acute Care Hospitals,Voluntary non-profit - Private,3,,1.1,
450840,TEXAS HEALTH PRESBYTERIAN HOSPITAL ALLEN,TX,Acute Care Hospitals,Voluntary non-profit - Private,4,,1.07,
450844,HOUSTON METHODIST WILLOWBROOK HOSPITAL,TX,Acute Care Hospitals,Voluntary non-profit - Private,5,,1.1,
450847,MEMORIAL HERMANN KATY HOSPITAL,TX,Acute Care Hospitals,Voluntary non-profit - Private,3,,0.99,
450848,MEMORIAL HERMANN SUGAR LAND HOSPITAL,TX,Acute Care Hospitals,Voluntary non-profit - Private,4,,0.93,
450851,BAYLOR SCOTT & WHITE HEART & VASCULAR HOSPITAL - DALLAS,TX,Acute Care Hospitals,Proprietary,5,,0.97,
450853,BAYLOR SCOTT & WHITE MEDICAL CENTER - FRISCO,TX,Acute Care Hospitals,Proprietary,3,,1.08,
450855,HARLINGEN MEDICAL CENTER,TX,Acute Care Hospitals,Proprietary,4,,0.97,
450862,ST LUKE'S THE WOODLANDS HOSPITAL,TX,Acute Care Hospitals,Voluntary non-profit - Private,3,,1.06,
450864,BAYLOR SCOTT & WHITE TEXAS SPINE & JOINT HOSPITAL,TX,Acute Care Hospitals,Physician,5,,0.85,
450867,ASCENSION SETON NORTHWEST,TX,Acute Care Hospitals,Voluntary non-profit - Private,4,29,1.08,29
450869,DOCTORS HOSPTAL AT RENAISSANCE,TX,Acute Care Hospitals,Physician,3,,1.09,
450876,LUBBOCK HEART HOSPITAL LP,TX,Acute Care Hospitals,Government - Hospital District or Authority,2,,1.09,
450885,BAYLOR SCOTT &  WHITE MEDICAL CENTER - CENTENNIAL,TX,Acute Care Hospitals,Voluntary non-profit - Private,5,,1.1,
450890,BAYLOR SCOTT & WHITE MEDICAL CENTER PLANO,TX,Acute Care Hospitals,Voluntary non-profit - Other,4,,1.06,
450893,THE HEART HOSPITAL BAYLOR DENTON,TX,Acute Care Hospitals,Physician,5,,1.06,
460001,INTERMOUNTAIN HEALTH UTAH VALLEY HOSPITAL,UT,Acute Care Hospitals,Voluntary non-profit - Private,5,,0.98,
460003,HOLY CROSS HOSPITAL - SALT LAKE,UT,Acute Care Hospitals,Proprietary,3,,1.08,
460004,INTERMOUNTAIN HEALTH MCKAY-DEE HOSPITAL,UT,Acute Care Hospitals,Voluntary non-profit - Private,5,,0.96,
460005,OGDEN REGIONAL MEDICAL CENTER,UT,Acute Care Hospitals,Proprietary,3,,1.03,
460006,LDS HOSPITAL,UT,Acute Care Hospitals,Voluntary non-profit - Private,5,,1.0,
460007,INTERMOUNTAIN HEALTH CEDAR CITY HOSPITAL,UT,Acute Care Hospitals,Voluntary non-profit - Private,3,,0.97,
460009,UNIVERSITY OF UTAH HOSPITAL AND CLINICS,UT,Acute Care Hospitals,Government - State,5,,1.0,
460010,INTERMOUNTAIN MEDICAL CENTER,UT,Acute Care Hospitals,Voluntary non-profit - Private,5,,0.97,
460011,CASTLEVIEW HOSPITAL,UT,Acute Care Hospitals,Proprietary,2,,1.01,
460013,MOUNTAIN VIEW HOSPITAL,UT,Acute Care Hospitals,Proprietary,5,,1.02,
460014,MOUNTAIN WEST MEDICAL CENTER,UT,Acute Care Hospitals,Proprietary,4,,0.9,
460015,INTERMOUNTAIN HEALTH LOGAN REGIONAL HOSPITAL,UT,Acute Care Hospitals,Voluntary non-profit - Private,5,,0.87,
460019,UINTAH BASIN MEDICAL CENTER,UT,Acute Care Hospitals,Voluntary non-profit - Other,2,,0.86,
460021,ST. GEORGE REGIONAL HOSPITAL,UT,Acute Care Hospitals,Voluntary non-profit - Private,5,,0.94,
460023,AMERICAN FORK HOSPITAL,UT,Acute Care Hospitals,Voluntary non-profit - Private,4,,0.88,
460026,INTERMOUNTAIN HEALTH SEVIER VALLEY HOSPITAL,UT,Acute Care Hospitals,Voluntary non-profit - Private,4,,0.91,
460030,ASHLEY REGIONAL MEDICAL CENTER,UT,Acute Care Hospitals,Proprietary,4,,0.81,
460041,HOLY CROSS HOSPITAL-DAVIS,UT,Acute Care Hospitals,Voluntary non-profit - Private,5,,1.0,
460042,LAKEVIEW HOSPITAL,UT,Acute Care Hospitals,Voluntary non-profit - Other,5,,1.0,
460044,INTERMOUNTAIN HEALTH ALTA VIEW HOSPITAL,UT,Acute Care Hospitals,Voluntary non-profit - Private,5,,0.97,
460047,ST MARK'S HOSPITAL,UT,Acute Care Hospitals,Proprietary,4,,1.04,
460051,HOLY CROSS HOSPITAL-JORDAN VALLEY,UT,Acute Care Hospitals,Voluntary non-profit - Private,4,,0.99,
460052,TIMPANOGOS REGIONAL HOSPITAL,UT,Acute Care Hospitals,Proprietary,4,,1.08,
460057,PARK CITY HOSPITAL,UT,Acute Care Hospitals,Proprietary,5,,0.91,
460058,INTERMOUNTAIN HEALTH RIVERTON HOSPITAL,UT,Acute Care Hospitals,Voluntary non-profit - Private,5,,0.94,
460060,LONE PEAK HOSPITAL,UT,Acute Care Hospitals,Proprietary,5,,0.94,
460061,INTERMOUNTAIN HEALTH LAYTON HOSPITAL,UT,Acute Care Hospitals,Voluntary non-profit - Private,5,,0.9,
470001,CENTRAL VERMONT MEDICAL CENTER,VT,Acute Care Hospitals,Voluntary non-profit - Private,3,,0.85,
470003,UNIV. OF VERMONT - FLETCHER ALLEN HEALTH CARE,VT,Acute Care Hospitals,Voluntary non-profit - Other,4,,0.97,
470005,RUTLAND REGIONAL MEDICAL CENTER,VT,Acute Care Hospitals,Voluntary non-profit - Private,3,,0.95,
470011,BRATTLEBORO MEMORIAL HOSPITAL,VT,Acute Care Hospitals,Voluntary non-profit - Private,3,,0.97,
470012,SOUTHWESTERN VERMONT MEDICAL CENTER,VT,Acute Care Hospitals,Voluntary non-profit - Private,3,,0.96,
470024,NORTHWESTERN MEDICAL CENTER INC,VT,Acute Care Hospitals,Voluntary non-profit - Other,4,,0.88,
490002,RUSSELL COUNTY HOSPITAL,VA,Acute Care Hospitals,Voluntary non-profit - Private,4,,0.91,
490004,SENTARA RMH MEDICAL CENTER,VA,Acute Care Hospitals,Voluntary non-profit - Private,5,,0.94,
490005,WINCHESTER MEDICAL CENTER,VA,Acute Care Hospitals,Voluntary non-profit - Private,4,,0.96,
490007,SENTARA NORFOLK GENERAL HOSPITAL,VA,Acute Care Hospitals,Voluntary non-profit - Other,4,,0.97,
490009,UNIVERSITY OF VIRGINIA MEDICAL CENTER,VA,Acute Care Hospitals,Government - State,4,,1.01,
490013,SENTARA HALIFAX REGIONAL HOSPITAL,VA,Acute Care Hospitals,Voluntary non-profit - Private,3,,0.84,
490017,BON SECOURS MARYVIEW MEDICAL CENTER,VA,Acute Care Hospitals,Voluntary non-profit - Private,3,,1.01,
490018,AUGUSTA HEALTH,VA,Acute Care Hospitals,Voluntary non-profit - Private,4,,0.96,
490019,UVA HEALTH CULPEPER MEDICAL CENTER,VA,Acute Care Hospitals,Voluntary non-profit - Private,2,,1.02,
490020,JOHN RANDOLPH MEDICAL CENTER,VA,Acute Care Hospitals,Proprietary,3,,1.05,
490021,CENTRA HEALTH -  LYNCHBURG GEN HOSPITAL,VA,Acute Care Hospitals,Voluntary non-profit - Private,3,,0.98,
490022,MARY WASHINGTON HOSPITAL,VA,Acute Care Hospitals,Voluntary non-profit - Private,3,,0.96,
490023,FAUQUIER HOSPITAL,VA,Acute Care Hospitals,Proprietary,3,,1.04,
490024,CARILION MEDICAL CENTER,VA,Acute Care Hospitals,Voluntary non-profit - Private,3,,1.01,
490032,MEDICAL COLLEGE OF VIRGINIA HOSPITALS,VA,Acute Care Hospitals,Government - Hospital District or Authority,4,,1.02,
490033,WARREN MEMORIAL HOSPITAL,VA,Acute Care Hospitals,Voluntary non-profit - Private,2,,0.87,
490037,RIVERSIDE SHORE MEMORIAL HOSPITAL,VA,Acute Care Hospitals,Voluntary non-profit - Private,3,,0.92,
490038,SMYTH COUNTY COMMUNITY HOSPITAL,VA,Acute Care Hospitals,Voluntary non-profit - Private,3,,0.97,
490040,INOVA ALEXANDRIA HOSPITAL,VA,Acute Care Hospitals,Voluntary non-profit - Private,5,,0.94,
490041,MARY IMMACULATE HOSPITAL,VA,Acute Care Hospitals,Voluntary non-profit - Private,4,,1.0,
490042,CARILION NEW RIVER VALLEY MEDICAL CENTER,VA,Acute Care Hospitals,Voluntary non-profit - Private,4,,0.98,
490043,INOVA LOUDOUN HOSPITAL,VA,Acute Care Hospitals,Voluntary non-profit - Private,5,,0.99,
490044,SENTARA OBICI HOSPITAL,VA,Acute Care Hospitals,Voluntary non-profit - Other,4,,0.89,
490045,UVA HEALTH PRINCE WILLIAM MEDICAL CENTER,VA,Acute Care Hospitals,Voluntary non-profit - Private,3,,1.04,
490046,SENTARA LEIGH HOSPITAL,VA,Acute Care Hospitals,Voluntary non-profit - Other,3,,0.94,
490048,LEWISGALE MEDICAL CENTER,VA,Acute Care Hospitals,Proprietary,2,,1.05,
490050,VIRGINIA HOSPITAL CENTER,VA,Acute Care Hospitals,Voluntary non-profit - Private,4,,0.99,
490052,RIVERSIDE REGIONAL MEDICAL CENTER,VA,Acute Care Hospitals,Voluntary non-profit - Private,3,,1.02,
490053,JOHNSTON MEMORIAL HOSPITAL,VA,Acute Care Hospitals,Voluntary non-profit - Private,3,,1.0,
490057,SENTARA VIRGINIA BEACH GENERAL HOSPITAL,VA,Acute Care Hospitals,Voluntary non-profit - Other,4,,0.94,
490059,BON SECOURS ST MARYS HOSPITAL,VA,Acute Care Hospitals,Voluntary non-profit - Private,5,,1.01,
490060,CLINCH VALLEY MEDICAL CENTER,VA,Acute Care Hospitals,Proprietary,3,,0.94,
490063,INOVA FAIRFAX HOSPITAL,VA,Acute Care Hospitals,Voluntary non-profit - Private,5,,0.98,
490066,SENTARA WILLIAMSBURG REGIONAL MEDICAL CENTER,VA,Acute Care Hospitals,Voluntary non-profit - Private,5,,0.93,
490067,BON SECOURS SOUTHSIDE MEDICAL CENTER,VA,Acute Care Hospitals,Proprietary,2,,1.11,
490069,BON SECOURS MEMORIAL REGIONAL MEDICAL CENTER,VA,Acute Care Hospitals,Voluntary non-profit - Church,4,,1.01,
490075,SOVAH HEALTH DANVILLE,VA,Acute Care Hospitals,Proprietary,2,,1.01,
490077,SENTARA MARTHA JEFFERSON HOSPITAL,VA,Acute Care Hospitals,Voluntary non-profit - Private,4,,0.92,
490084,VCU HEALTH TAPPAHANNOCK HOSPITAL,VA,Acute Care Hospitals,Voluntary non-profit - Private,4,,0.96,
490088,CENTRA BEDFORD MEMORIAL HOSPITAL,VA,Acute Care Hospitals,Voluntary non-profit - Private,5,,0.94,
490089,CARILION FRANKLIN MEMORIAL HOSPITAL,VA,Acute Care Hospitals,Voluntary non-profit - Private,4,,0.91,
490090,"SOUTHSIDE COMMUNITY HOSPITAL, INC",VA,Acute Care Hospitals,Voluntary non-profit - Private,4,,1.05,
490092,BON SECOURS SOUTHAMPTON MEMORIAL HOSPITAL,VA,Acute Care Hospitals,Voluntary non-profit - Private,3,,0.84,
490093,SENTARA CAREPLEX HOSPITAL,VA,Acute Care Hospitals,Voluntary non-profit - Private,4,,0.95,
490097,BON SECOURS SOUTHERN VIRGINIA MEDICAL CENTER,VA,Acute Care Hospitals,Proprietary,4,,0.97,
490098,COMMUNITY MEMORIAL HOSPITAL,VA,Acute Care Hospitals,Government - Hospital District or Authority,4,,0.96,
490101,INOVA FAIR OAKS HOSPITAL,VA,Acute Care Hospitals,Voluntary non-profit - Other,5,,0.93,
490107,RESTON HOSPITAL CENTER,VA,Acute Care Hospitals,Voluntary non-profit - Private,3,,1.03,
490110,LEWISGALE HOSPITAL MONTGOMERY,VA,Acute Care Hospitals,Proprietary,3,,0.93,
490111,WYTHE COUNTY COMMUNITY HOSPITAL,VA,Acute Care Hospitals,Proprietary,3,,0.92,
490112,CJW MEDICAL CENTER,VA,Acute Care Hospitals,Proprietary,4,,1.01,
490113,SENTARA NORTHERN VIRGINIA MEDICAL CENTER,VA,Acute Care Hospitals,Voluntary non-profit - Private,3,,0.95,
490114,LONESOME PINE HOSPITAL,VA,Acute Care Hospitals,Voluntary non-profit - Private,4,,1.0,
490115,TWIN COUNTY REGIONAL HOSPITAL,VA,Acute Care Hospitals,Proprietary,2,,0.96,
490116,LEWISGALE HOSPITAL PULASKI,VA,Acute Care Hospitals,Proprietary,4,,1.0,
490118,HENRICO DOCTORS' HOSPITAL,VA,Acute Care Hospitals,Voluntary non-profit - Other,4,,1.06,
490119,SENTARA PRINCESS ANNE HOSPITAL,VA,Acute Care Hospitals,Voluntary non-profit - Other,5,,0.91,
490120,CHESAPEAKE GENERAL HOSPITAL,VA,Acute Care Hospitals,Government - Hospital District or Authority,3,,0.94,
490122,INOVA MOUNT VERNON HOSPITAL,VA,Acute Care Hospitals,Voluntary non-profit - Private,4,,0.97,
490126,LEWISGALE HOSPITAL ALLEGHANY,VA,Acute Care Hospitals,Proprietary,4,,1.0,
490127,BUCHANAN GENERAL HOSPITAL,VA,Acute Care Hospitals,Voluntary non-profit - Private,4,,0.88,
490130,RIVERSIDE WALTER REED HOSPITAL,VA,Acute Care Hospitals,Voluntary non-profit - Private,4,,0.91,
490136,BON SECOURS ST FRANCIS MEDICAL CENTER,VA,Acute Care Hospitals,Voluntary non-profit - Church,3,,0.99,
490140,"STAFFORD HOSPITAL, LLC",VA,Acute Care Hospitals,Voluntary non-profit - Private,4,,0.87,
490141,SPOTSYLVANIA REGIONAL MEDICAL CENTER,VA,Acute Care Hospitals,Proprietary,3,,0.98,
490143,RIVERSIDE DOCTORS' HOSPITAL OF WILLIAMSBURG,VA,Acute Care Hospitals,Voluntary non-profit - Private,5,,0.95,
490144,UVA HEALTH HAYMARKET MEDICAL CENTER,VA,Acute Care Hospitals,Voluntary non-profit - Private,4,,0.96,
490145,STONESPRINGS HOSPITAL CENTER,VA,Acute Care Hospitals,Proprietary,4,,0.97,
500002,PROVIDENCE ST MARY MEDICAL CENTER,WA,Acute Care Hospitals,Voluntary non-profit - Private,3,,0.96,
500003,SKAGIT VALLEY HOSPITAL,WA,Acute Care Hospitals,Government - Hospital District or Authority,3,,0.92,
500005,VIRGINIA MASON MEDICAL CENTER,WA,Acute Care Hospitals,Voluntary non-profit - Private,5,,0.97,
500007,ISLAND HOSPITAL,WA,Acute Care Hospitals,Government - Hospital District or Authority,4,,0.89,
500008,UNIVERSITY OF WASHINGTON MEDICAL CTR,WA,Acute Care Hospitals,Government - State,4,,0.97,
500011,HIGHLINE MEDICAL CENTER,WA,Acute Care Hospitals,Voluntary non-profit - Private,4,,0.94,
500014,PROVIDENCE REGIONAL MEDICAL CENTER EVERETT,WA,Acute Care Hospitals,Voluntary non-profit - Church,4,,0.93,
500015,MULTICARE AUBURN MEDICAL CENTER,WA,Acute Care Hospitals,Voluntary non-profit - Private,2,,0.96,
500016,CONFLUENCE HEALTH HOSPITAL,WA,Acute Care Hospitals,Voluntary non-profit - Private,3,,0.94,
500019,PROVIDENCE CENTRALIA HOSPITAL,WA,Acute Care Hospitals,Voluntary non-profit - Other,3,,0.91,
500021,ST CLARE HOSPITAL,WA,Acute Care Hospitals,Voluntary non-profit - Church,4,,0.94,
500024,PROVIDENCE ST PETER HOSPITAL,WA,Acute Care Hospitals,Voluntary non-profit - Private,3,,0.92,
500025,SWEDISH MEDICAL CENTER / CHERRY HILL,WA,Acute Care Hospitals,Voluntary non-profit - Church,4,,0.99,
500026,SWEDISH EDMONDS HOSPITAL,WA,Acute Care Hospitals,Voluntary non-profit - Private,3,,0.94,
500027,SWEDISH MEDICAL CENTER,WA,Acute Care Hospitals,Voluntary non-profit - Private,4,,0.95,
500030,PEACEHEALTH ST JOSEPH MEDICAL CENTER,WA,Acute Care Hospitals,Voluntary non-profit - Other,4,,0.96,
500031,GRAYS HARBOR COMMUNITY HOSPITAL,WA,Acute Care Hospitals,Voluntary non-profit - Private,3,,0.97,
500033,SAMARITAN HOSPITAL,WA,Acute Care Hospitals,Proprietary,2,,0.93,
500036,YAKIMA VALLEY MEMORIAL,WA,Acute Care Hospitals,Voluntary non-profit - Private,1,,0.94,
500039,ST MICHAEL MEDICAL CENTER,WA,Acute Care Hospitals,Voluntary non-profit - Private,4,,0.95,
500041,PEACEHEALTH ST JOHN MEDICAL CENTER,WA,Acute Care Hospitals,Voluntary non-profit - Church,4,,0.87,
500044,DEACONESS MEDICAL CENTER,WA,Acute Care Hospitals,Voluntary non-profit - Private,3,,0.97,
500050,PEACEHEALTH SOUTHWEST MEDICAL CENTE,WA,Acute Care Hospitals,Voluntary non-profit - Private,3,,0.9,
500051,OVERLAKE HOSPITAL MEDICAL CENTER & CLINICS,WA,Acute Care Hospitals,Voluntary non-profit - Other,2,,0.92,
500053,TRIOS HEALTH,WA,Acute Care Hospitals,Government - Hospital District or Authority,2,,0.98,
500054,PROV SACRED HRT MED CTR & CHILDS HOSP.,WA,Acute Care Hospitals,Voluntary non-profit - Church,3,,1.01,
500058,KADLEC REGIONAL MEDICAL CENTER,WA,Acute Care Hospitals,Voluntary non-profit - Private,4,,0.95,
500060,CASCADE VALLEY HOSPITAL,WA,Acute Care Hospitals,Government - Hospital District or Authority,4,,0.87,
500064,HARBORVIEW MEDICAL CENTER,WA,Acute Care Hospitals,Government - Local,2,,1.01,
500072,OLYMPIC MEDICAL CENTER,WA,Acute Care Hospitals,Government - Local,3,,0.92,
500077,PROVIDENCE HOLY FAMILY HOSPITAL,WA,Acute Care Hospitals,Voluntary non-profit - Private,3,,0.94,
500079,MULTICARE GOOD SAMARITAN HOSPITAL,WA,Acute Care Hospitals,Voluntary non-profit - Private,2,,0.91,
500084,EVERGREENHEALTH MONROE,WA,Acute Care Hospitals,Government - Hospital District or Authority,3,,0.83,
500088,VALLEY MEDICAL CENTER,WA,Acute Care Hospitals,Government - Hospital District or Authority,2,,0.94,
500108,ST JOSEPH MEDICAL CENTER,WA,Acute Care Hospitals,Voluntary non-profit - Church,3,,0.97,
500119,MULTICARE VALLEY HOSPITAL,WA,Acute Care Hospitals,Voluntary non-profit - Private,5,,0.92,
500124,EVERGREENHEALTH MEDICAL CENTER,WA,Acute Care Hospitals,Government - Hospital District or Authority,5,,0.96,
500129,TACOMA GENERAL ALLENMORE HOSPITAL,WA,Acute Care Hospitals,Voluntary non-profit - Private,2,,0.92,
500139,CAPITAL MEDICAL CENTER,WA,Acute Care Hospitals,Voluntary non-profit - Private,3,,0.9,
500141,ST FRANCIS COMMUNITY HOSPITAL,WA,Acute Care Hospitals,Voluntary non-profit - Church,4,,0.95,
500150,LEGACY SALMON CREEK MEDICAL CENTER,WA,Acute Care Hospitals,Voluntary non-profit - Private,4,,0.86,
500151,ST ANTHONY HOSPITAL,WA,Acute Care Hospitals,Voluntary non-profit - Church,5,,0.93,
500152,SWEDISH ISSAQUAH,WA,Acute Care Hospitals,Voluntary non-profit - Private,4,,0.95,
500154,MULTICARE COVINGTON MEDICAL CENTER,WA,Acute Care Hospitals,Voluntary non-profit - Private,3,,0.87,
510001,"WEST VIRGINIA UNIVERSITY HOSPITALS, INC",WV,Acute Care Hospitals,Voluntary non-profit - Private,3,,1.03,
510002,"CAMC GREENBRIER VALLEY MEDICAL CENTER, INC",WV,Acute Care Hospitals,Proprietary,2,,0.93,
510006,"UNITED HOSPITAL CENTER, INC",WV,Acute Care Hospitals,Voluntary non-profit - Private,4,,0.97,
510007,ST MARYS MEDICAL CENTER,WV,Acute Care Hospitals,Voluntary non-profit - Church,3,,0.99,
510008,BERKELEY MEDICAL CENTER,WV,Acute Care Hospitals,Voluntary non-profit - Private,3,,0.92,
510012,RIVERS HEALTH,WV,Acute Care Hospitals,Voluntary non-profit - Private,1,,1.0,
510013,"REYNOLDS MEMORIAL HOSPITAL, INC",WV,Acute Care Hospitals,Voluntary non-profit - Private,2,,0.97,
510022,CHARLESTON AREA MEDICAL CENTER,WV,Acute Care Hospitals,Voluntary non-profit - Private,2,,1.01,
510023,"WEIRTON MEDICAL CENTER, INC",WV,Acute Care Hospitals,Government - Local,1,,1.0,
510024,MON HEALTH MEDICAL CENTER,WV,Acute Care Hospitals,Voluntary non-profit - Private,4,,1.08,
510029,THOMAS MEMORIAL HOSPITAL,WV,Acute Care Hospitals,Voluntary non-profit - Private,1,,0.97,
510030,DAVIS MEDICAL CENTER,WV,Acute Care Hospitals,Voluntary non-profit - Private,2,,0.95,
510038,STONEWALL JACKSON MEMORIAL HOSPITAL COMPANY,WV,Acute Care Hospitals,Voluntary non-profit - Private,1,,1.05,
510046,PRINCETON COMMUNITY HOSPITAL ASSN INC,WV,Acute Care Hospitals,Government - Local,2,,1.06,
510048,LOGAN REGIONAL MEDICAL CENTER,WV,Acute Care Hospitals,Proprietary,2,,0.92,
510050,"WHEELING HOSPITAL, INC",WV,Acute Care Hospitals,Voluntary non-profit - Church,2,,0.99,
510055,"CABELL HUNTINGTON HOSPITAL, INC",WV,Acute Care Hospitals,Voluntary non-profit - Private,3,,1.08,
510058,CAMDEN CLARK MEDICAL CENTER,WV,Acute Care Hospitals,Voluntary non-profit - Private,2,,0.99,
510062,BECKLEY ARH HOSPITAL,WV,Acute Care Hospitals,Voluntary non-profit - Private,3,,1.03,
510070,RALEIGH GENERAL HOSPITAL,WV,Acute Care Hospitals,Proprietary,2,,1.03,
510072,WETZEL COUNTY HOSPITAL,WV,Acute Care Hospitals,Government - Local,3,,0.99,
520002,"ASPIRUS STEVENS POINT HOSPITAL & CLINICS, INC.",WI,Acute Care Hospitals,Voluntary non-profit - Church,4,,0.91,
520004,MAYO CLINIC HEALTH SYSTEM-FRANCISCAN MEDICAL CENTER INC,WI,Acute Care Hospitals,Voluntary non-profit - Private,5,,0.9,
520008,WAUKESHA MEMORIAL HOSPITAL,WI,Acute Care Hospitals,Voluntary non-profit - Private,4,,1.05,
520009,ASCENSION NE WISCONSIN - ST ELIZABETH CAMPUS,WI,Acute Care Hospitals,Voluntary non-profit - Private,4,29,0.85,29
520011,MARSHFIELD MEDICAL CENTER - RICE LAKE,WI,Acute Care Hospitals,Voluntary non-profit - Private,2,,0.86,
520019,ASPIRUS RHINELANDER HOSPITAL,WI,Acute Care Hospitals,Voluntary non-profit - Private,3,,0.89,
520021,FROEDTERT SOUTH INC.,WI,Acute Care Hospitals,Government - Local,2,,0.98,
520028,THE MONROE CLINIC,WI,Acute Care Hospitals,Voluntary non-profit - Private,5,,0.9,
520030,ASPIRUS WAUSAU HOSPITAL,WI,Acute Care Hospitals,Proprietary,4,,0.95,
520033,ASPIRUS RIVERVIEW HOSPITAL & CLINICS INC,WI,Acute Care Hospitals,Voluntary non-profit - Private,3,,0.93,
520034,AURORA MEDICAL CTR MANITOWOC COUNTY,WI,Acute Care Hospitals,Voluntary non-profit - Private,5,,0.85,
520035,AURORA MEDICAL CENTER SHEBOYGAN COUNTY,WI,Acute Care Hospitals,Voluntary non-profit - Private,5,,0.83,
520037,MARSHFIELD MEDICAL CENTER,WI,Acute Care Hospitals,Voluntary non-profit - Church,1,,0.99,
520038,AURORA MEDICAL CTR WASHINGTON COUNTY,WI,Acute Care Hospitals,Voluntary non-profit - Private,4,,0.84,
520041,ASPIRUS DIVINE SAVIOR HOSPITAL,WI,Acute Care Hospitals,Voluntary non-profit - Private,3,,0.81,
520044,ST NICHOLAS HOSPITAL,WI,Acute Care Hospitals,Voluntary non-profit - Private,3,,0.87,
520045,THEDACARE REGIONAL MED CTR - NEENAH,WI,Acute Care Hospitals,Voluntary non-profit - Private,4,,0.95,
520049,BELLIN MEMORIAL HOSPITAL,WI,Acute Care Hospitals,Voluntary non-profit - Private,4,,0.94,
520051,ASCENSION COLUMBIA ST MARYS HOSPITAL MILWAUKEE,WI,Acute Care Hospitals,Voluntary non-profit - Church,3,29,0.98,29
520057,SSM HEALTH ST CLARE HOSPITAL - BARABOO,WI,Acute Care Hospitals,Voluntary non-profit - Private,4,,0.84,
520059,AURORA MEMORIAL HOSPITAL BURLINGTON,WI,Acute Care Hospitals,Voluntary non-profit - Private,4,,0.87,
520062,OCONOMOWOC MEMORIAL HOSPITAL,WI,Acute Care Hospitals,Voluntary non-profit - Private,5,,1.05,
520063,ST JOSEPHS COMMUNITY HOSPITAL WEST BEND,WI,Acute Care Hospitals,Voluntary non-profit - Private,4,,0.92,
520066,MERCY HEALTH SYSTEM CORP,WI,Acute Care Hospitals,Voluntary non-profit - Private,3,,0.92,
520070,MAYO CLINIC HEALTH SYSTEM EAU CLAIRE HOSPITAL,WI,Acute Care Hospitals,Voluntary non-profit - Private,5,,0.95,
520071,FORT MEMORIAL HOSPITAL,WI,Acute Care Hospitals,Voluntary non-profit - Private,4,,0.92,
520075,ST VINCENT HOSPITAL,WI,Acute Care Hospitals,Voluntary non-profit - Church,4,,0.99,
520076,MARSHFIELD MEDICAL CENTER - BEAVER DAM (MMC-BD),WI,Acute Care Hospitals,Voluntary non-profit - Private,2,,0.86,
520083,SSM HEALTH ST MARY'S HOSPITAL - MADISON,WI,Acute Care Hospitals,Voluntary non-profit - Private,4,,0.93,
520087,GUNDERSEN LUTHERAN MEDICAL CENTER,WI,Acute Care Hospitals,Voluntary non-profit - Private,4,,1.07,
520088,SSM HEALTH ST AGNES HOSPITAL-FOND DU LAC,WI,Acute Care Hospitals,Voluntary non-profit - Private,4,,0.88,
520089,UNITYPOINT HEALTH - MERITER,WI,Acute Care Hospitals,Voluntary non-profit - Private,5,,0.93,
520091,HOWARD YOUNG MEDICAL CENTER,WI,Acute Care Hospitals,Voluntary non-profit - Church,4,,0.94,
520095,SAUK PRAIRIE HOSPITAL,WI,Acute Care Hospitals,Voluntary non-profit - Private,5,,0.86,
520097,ST MARYS HOSPITAL MEDICAL CTR,WI,Acute Care Hospitals,Voluntary non-profit - Other,3,,1.04,
520098,UNIVERSITY OF WI  HOSPITALS & CLINICS AUTHORITY,WI,Acute Care Hospitals,Government - Hospital District or Authority,5,,0.93,
520100,BELOIT HEALTH SYSTEM,WI,Acute Care Hospitals,Voluntary non-profit - Private,3,,0.96,
520102,AURORA LAKELAND MEDICAL CENTER,WI,Acute Care Hospitals,Voluntary non-profit - Private,5,,0.84,
520103,COMMUNITY MEMORIAL HOSPITAL,WI,Acute Care Hospitals,Voluntary non-profit - Private,4,,0.91,
520107,HOLY FAMILY MEMORIAL,WI,Acute Care Hospitals,Voluntary non-profit - Other,3,,0.88,
520109,MILE BLUFF MEDICAL CENTER,WI,Acute Care Hospitals,Proprietary,4,,0.78,
520113,AURORA MEDICAL CENTER BAY AREA,WI,Acute Care Hospitals,Voluntary non-profit - Private,4,,0.84,
520116,WATERTOWN MEMORIAL HOSPITAL,WI,Acute Care Hospitals,Voluntary non-profit - Private,3,,0.97,
520138,AURORA ST LUKES MEDICAL CENTER,WI,Acute Care Hospitals,Voluntary non-profit - Private,4,,0.96,
520139,WEST ALLIS MEMORIAL HOSPITAL,WI,Acute Care Hospitals,Voluntary non-profit - Private,4,,0.89,
520160,THEDACARE REGIONAL MEDICAL CENTER - APPLETON INC,WI,Acute Care Hospitals,Voluntary non-profit - Private,4,,0.92,
520177,FROEDTERT MEMORIAL LUTHERAN HOSPITAL,WI,Acute Care Hospitals,Voluntary non-profit - Private,3,,0.96,
520189,AURORA MEDICAL CENTER KENOSHA,WI,Acute Care Hospitals,Voluntary non-profit - Private,4,,0.94,
520193,AURORA BAYCARE MEDICAL CTR,WI,Acute Care Hospitals,Proprietary,4,,0.92,
520198,AURORA MEDICAL CTR OSHKOSH,WI,Acute Care Hospitals,Voluntary non-profit - Private,4,,0.81,
520202,MARSHFIELD MEDICAL CENTER - WESTON,WI,Acute Care Hospitals,Voluntary non-profit - Private,3,,0.93,
520206,AURORA MEDICAL CENTER - SUMMIT,WI,Acute Care Hospitals,Voluntary non-profit - Private,5,,0.9,
520207,AURORA MEDICAL CENTER,WI,Acute Care Hospitals,Voluntary non-profit - Private,5,,0.85,
520208,SSM HEALTH ST MARY'S HOSPITAL - JANESVILLE,WI,Acute Care Hospitals,Voluntary non-profit - Other,4,,0.9,
520210,MARSHFIELD MEDICAL CENTER - EAU CLAIRE,WI,Acute Care Hospitals,Voluntary non-profit - Private,3,,0.91,
520212,MARSHFIELD MEDICAL CENTER - MINOCQUA,WI,Acute Care Hospitals,Voluntary non-profit - Private,5,,0.92,
530002,CAMPBELL COUNTY HEALTH,WY,Acute Care Hospitals,Government - Hospital District or Authority,3,,0.93,
530006,SHERIDAN MEMORIAL HOSPITAL,WY,Acute Care Hospitals,Government - Local,3,,0.92,
530008,SAGEWEST HEALTH CARE,WY,Acute Care Hospitals,Proprietary,2,,0.95,
530012,BANNER WYOMING MEDICAL CENTER,WY,Acute Care Hospitals,Government - Local,2,,1.04,
530014,CHEYENNE REGIONAL MEDICAL CENTER,WY,Acute Care Hospitals,Voluntary non-profit - Other,3,,0.99,
530015,ST JOHNS MEDICAL CENTER,WY,Acute Care Hospitals,Government - Hospital District or Authority,5,,0.81,
530025,IVINSON MEMORIAL HOSPITAL,WY,Acute Care Hospitals,Government - Hospital District or Authority,3,,0.97,
670023,METHODIST MANSFIELD MEDICAL CENTER,TX,Acute Care Hospitals,Voluntary non-profit - Private,4,,1.13,
670025,BAYLOR SCOTT & WHITE THE HEART HOSPITAL PLANO,TX,Acute Care Hospitals,Physician,4,,0.99,
670031,ST LUKE'S PATIENTS MEDICAL CENTER,TX,Acute Care Hospitals,Proprietary,3,,1.03,
670034,BAYLOR SCOTT & WHITE MEDICAL CENTER - ROUND ROCK,TX,Acute Care Hospitals,Voluntary non-profit - Private,4,,0.99,
670041,ASCENSION SETON WILLIAMSON,TX,Acute Care Hospitals,Voluntary non-profit - Private,4,29,1.15,29
670043,ASCENSION SETON CEDAR PARK,TX,Acute Care Hospitals,Voluntary non-profit - Private,3,,0.96,
670044,TEXAS HEALTH PRESBYTERIAN HOSPITAL ROCKWALL,TX,Acute Care Hospitals,Proprietary,5,,0.96,
670047,THE HOSPITALS OF PROVIDENCE - EAST CAMPUS,TX,Acute Care Hospitals,Proprietary,2,,1.02,
670053,ST LUKE'S SUGAR LAND HOSPITAL,TX,Acute Care Hospitals,Voluntary non-profit - Private,3,,1.16,
670055,METHODIST HOSPITAL  STONE OAK,TX,Acute Care Hospitals,Proprietary,4,,1.04,
670056,ASCENSION  SETON HAYS,TX,Acute Care Hospitals,Voluntary non-profit - Private,3,29,1.06,29
670060,BAYLOR SCOTT AND WHITE MEDICAL CENTER SUNNYVALE,TX,Acute Care Hospitals,Proprietary,2,,1.02,
670068,TEXAS HEALTH PRESBYTERIAN HOSPITAL FLOWER MOUND,TX,Acute Care Hospitals,Proprietary,5,,1.07,
670071,TEXAS HEALTH HEART & VASCULAR HOSPITAL ARLINGTON,TX,Acute Care Hospitals,Physician,4,,0.98,
670073,METHODIST HOSPITAL FOR SURGERY,TX,Acute Care Hospitals,Proprietary,4,,1.03,
670075,ST LUKE'S HOSPITAL AT THE VINTAGE,TX,Acute Care Hospitals,Voluntary non-profit - Private,4,,1.09,
670076,BAYLOR SCOTT AND WHITE SURGICAL HOSPITAL AT SHERMA,TX,Acute Care Hospitals,Physician,3,,0.96,
670077,HOUSTON METHODIST WEST HOSPITAL,TX,Acute Care Hospitals,Voluntary non-profit - Private,5,,1.01,
670078,BAPTIST NEIGHBORHOOD HOSPITAL THOUSAND OAKS,TX,Acute Care Hospitals,Proprietary,5,,0.82,
670080,SETON MEDICAL CENTER HARKER HEIGHTS,TX,Acute Care Hospitals,Proprietary,4,,1.01,
670082,BAYLOR SCOTT AND WHITE  MEDICAL CENTER  MCKINNEY,TX,Acute Care Hospitals,Voluntary non-profit - Private,4,,1.06,
670085,TEXAS HEALTH HARRIS METHODIST HOSPITAL ALLIANCE,TX,Acute Care Hospitals,Voluntary non-profit - Private,5,,1.06,
670088,BAYLOR SCOTT & WHITE MEDICAL CENTER- COLLEGE STATI,TX,Acute Care Hospitals,Voluntary non-profit - Private,4,,0.99,
670090,CRESCENT MEDICAL CENTER LANCASTER,TX,Acute Care Hospitals,Proprietary,2,,1.11,
670098,RESOLUTE HEALTH HOSPITAL,TX,Acute Care Hospitals,Proprietary,4,,1.11,
670103,MEDICAL CITY ALLIANCE,TX,Acute Care Hospitals,Voluntary non-profit - Private,3,,0.97,
670106,HCA HOUSTON HEALTHCARE PEARLAND,TX,Acute Care Hospitals,Proprietary,3,,0.99,
670108,BAYLOR SCOTT & WHITE MEDICAL CENTER - MARBLE FALLS,TX,Acute Care Hospitals,Voluntary non-profit - Private,4,,1.01,
670120,THE HOSPITALS OF PROVIDENCE TRANSMOUNTAIN CAMPUS,TX,Acute Care Hospitals,Proprietary,2,,0.97,
670122,HOUSTON METHODIST THE WOODLANDS HOSPITAL,TX,Acute Care Hospitals,Voluntary non-profit - Private,5,,1.01,
670128,BAYLOR SCOTT & WHITE MEDICAL CENTER PFLUGERVILLE,TX,Acute Care Hospitals,Voluntary non-profit - Private,4,,1.05,
670260,TEXAS HEALTH HOSPITAL FRISCO,TX,Acute Care Hospitals,Voluntary non-profit - Private,4,,1.09,
670300,METHODIST MIDLOTHIAN MEDICAL CENTER,TX,Acute Care Hospitals,Voluntary non-profit - Private,4,,1.12,
670309,TEXAS HEALTH HOSPITAL MANSFIELD,TX,Acute Care Hospitals,Voluntary non-profit - Private,5,,1.14,
